contract_award_unique_key,award_id_piid,parent_award_agency_id,parent_award_agency_name,parent_award_id_piid,disaster_emergency_fund_codes,outlayed_amount_from_COVID-19_supplementals,obligated_amount_from_COVID-19_supplementals,outlayed_amount_from_IIJA_supplemental,obligated_amount_from_IIJA_supplemental,total_obligated_amount,total_outlayed_amount,current_total_value_of_award,potential_total_value_of_award,award_base_action_date,award_base_action_date_fiscal_year,award_latest_action_date,award_latest_action_date_fiscal_year,period_of_performance_start_date,period_of_performance_current_end_date,period_of_performance_potential_end_date,ordering_period_end_date,solicitation_date,awarding_agency_code,awarding_agency_name,awarding_sub_agency_code,awarding_sub_agency_name,awarding_office_code,awarding_office_name,funding_agency_code,funding_agency_name,funding_sub_agency_code,funding_sub_agency_name,funding_office_code,funding_office_name,treasury_accounts_funding_this_award,federal_accounts_funding_this_award,object_classes_funding_this_award,program_activities_funding_this_award,foreign_funding,foreign_funding_description,sam_exception,sam_exception_description,recipient_uei,recipient_duns,recipient_name,recipient_name_raw,recipient_doing_business_as_name,cage_code,recipient_parent_uei,recipient_parent_duns,recipient_parent_name,recipient_parent_name_raw,recipient_country_code,recipient_country_name,recipient_address_line_1,recipient_address_line_2,recipient_city_name,prime_award_summary_recipient_county_fips_code,recipient_county_name,prime_award_summary_recipient_state_fips_code,recipient_state_code,recipient_state_name,recipient_zip_4_code,prime_award_summary_recipient_cd_original,prime_award_summary_recipient_cd_current,recipient_phone_number,recipient_fax_number,primary_place_of_performance_country_code,primary_place_of_performance_country_name,primary_place_of_performance_city_name,prime_award_summary_place_of_performance_county_fips_code,primary_place_of_performance_county_name,prime_award_summary_place_of_performance_state_fips_code,primary_place_of_performance_state_code,primary_place_of_performance_state_name,primary_place_of_performance_zip_4,prime_award_summary_place_of_performance_cd_original,prime_award_summary_place_of_performance_cd_current,award_or_idv_flag,award_type_code,award_type,idv_type_code,idv_type,multiple_or_single_award_idv_code,multiple_or_single_award_idv,type_of_idc_code,type_of_idc,type_of_contract_pricing_code,type_of_contract_pricing,prime_award_base_transaction_description,solicitation_identifier,number_of_actions,inherently_governmental_functions,inherently_governmental_functions_description,product_or_service_code,product_or_service_code_description,contract_bundling_code,contract_bundling,dod_claimant_program_code,dod_claimant_program_description,naics_code,naics_description,recovered_materials_sustainability_code,recovered_materials_sustainability,domestic_or_foreign_entity_code,domestic_or_foreign_entity,dod_acquisition_program_code,dod_acquisition_program_description,information_technology_commercial_item_category_code,information_technology_commercial_item_category,epa_designated_product_code,epa_designated_product,country_of_product_or_service_origin_code,country_of_product_or_service_origin,place_of_manufacture_code,place_of_manufacture,subcontracting_plan_code,subcontracting_plan,extent_competed_code,extent_competed,solicitation_procedures_code,solicitation_procedures,type_of_set_aside_code,type_of_set_aside,evaluated_preference_code,evaluated_preference,research_code,research,fair_opportunity_limited_sources_code,fair_opportunity_limited_sources,other_than_full_and_open_competition_code,other_than_full_and_open_competition,number_of_offers_received,commercial_item_acquisition_procedures_code,commercial_item_acquisition_procedures,small_business_competitiveness_demonstration_program,simplified_procedures_for_certain_commercial_items_code,simplified_procedures_for_certain_commercial_items,a76_fair_act_action_code,a76_fair_act_action,fed_biz_opps_code,fed_biz_opps,local_area_set_aside_code,local_area_set_aside,price_evaluation_adjustment_preference_percent_difference,clinger_cohen_act_planning_code,clinger_cohen_act_planning,materials_supplies_articles_equipment_code,materials_supplies_articles_equipment,labor_standards_code,labor_standards,construction_wage_rate_requirements_code,construction_wage_rate_requirements,interagency_contracting_authority_code,interagency_contracting_authority,other_statutory_authority,program_acronym,parent_award_type_code,parent_award_type,parent_award_single_or_multiple_code,parent_award_single_or_multiple,major_program,national_interest_action_code,national_interest_action,cost_or_pricing_data_code,cost_or_pricing_data,cost_accounting_standards_clause_code,cost_accounting_standards_clause,government_furnished_property_code,government_furnished_property,sea_transportation_code,sea_transportation,consolidated_contract_code,consolidated_contract,performance_based_service_acquisition_code,performance_based_service_acquisition,multi_year_contract_code,multi_year_contract,contract_financing_code,contract_financing,purchase_card_as_payment_method_code,purchase_card_as_payment_method,contingency_humanitarian_or_peacekeeping_operation_code,contingency_humanitarian_or_peacekeeping_operation,alaskan_native_corporation_owned_firm,american_indian_owned_business,indian_tribe_federally_recognized,native_hawaiian_organization_owned_firm,tribally_owned_firm,veteran_owned_business,service_disabled_veteran_owned_business,woman_owned_business,women_owned_small_business,economically_disadvantaged_women_owned_small_business,joint_venture_women_owned_small_business,joint_venture_economic_disadvantaged_women_owned_small_bus,minority_owned_business,subcontinent_asian_asian_indian_american_owned_business,asian_pacific_american_owned_business,black_american_owned_business,hispanic_american_owned_business,native_american_owned_business,other_minority_owned_business,contracting_officers_determination_of_business_size,contracting_officers_determination_of_business_size_code,emerging_small_business,community_developed_corporation_owned_firm,labor_surplus_area_firm,us_federal_government,federally_funded_research_and_development_corp,federal_agency,us_state_government,us_local_government,city_local_government,county_local_government,inter_municipal_local_government,local_government_owned,municipality_local_government,school_district_local_government,township_local_government,us_tribal_government,foreign_government,organizational_type,corporate_entity_not_tax_exempt,corporate_entity_tax_exempt,partnership_or_limited_liability_partnership,sole_proprietorship,small_agricultural_cooperative,international_organization,us_government_entity,community_development_corporation,domestic_shelter,educational_institution,foundation,hospital_flag,manufacturer_of_goods,veterinary_hospital,hispanic_servicing_institution,receives_contracts,receives_financial_assistance,receives_contracts_and_financial_assistance,airport_authority,council_of_governments,housing_authorities_public_tribal,interstate_entity,planning_commission,port_authority,transit_authority,subchapter_scorporation,limited_liability_corporation,foreign_owned,for_profit_organization,nonprofit_organization,other_not_for_profit_organization,the_ability_one_program,private_university_or_college,state_controlled_institution_of_higher_learning,1862_land_grant_college,1890_land_grant_college,1994_land_grant_college,minority_institution,historically_black_college,tribal_college,alaskan_native_servicing_institution,native_hawaiian_servicing_institution,school_of_forestry,veterinary_college,dot_certified_disadvantage,self_certified_small_disadvantaged_business,small_disadvantaged_business,c8a_program_participant,historically_underutilized_business_zone_hubzone_firm,sba_certified_8a_joint_venture,highly_compensated_officer_1_name,highly_compensated_officer_1_amount,highly_compensated_officer_2_name,highly_compensated_officer_2_amount,highly_compensated_officer_3_name,highly_compensated_officer_3_amount,highly_compensated_officer_4_name,highly_compensated_officer_4_amount,highly_compensated_officer_5_name,highly_compensated_officer_5_amount,usaspending_permalink,last_modified_date
CONT_AWD_70CDCR23FR0000042_7012_70CDCR20D00000011_7012,70CDCR23FR0000042,7012,U.S. IMMIGRATION AND CUSTOMS ENFORCEMENT,70CDCR20D00000011,,,,,,68784415.00,,68784415.00,68784415.00,2023-07-31,2023,2023-07-31,2023,2023-08-01,2024-07-31,2024-07-31 00:00:00,,2023-07-30,070,Department of Homeland Security,7012,U.S. Immigration and Customs Enforcement,70CDCR,DETENTION COMPLIANCE AND REMOVALS,070,Department of Homeland Security,7012,U.S. Immigration and Customs Enforcement,70CEMD,ENFORCEMENT AND REMOVAL OPERATIONS ENFORCEMENT MANAGEMENT DIVISION,,,,,X,NOT APPLICABLE,,,PKK6L9KLMYR5,,B.I. INCORPORATED,B.I. INCORPORATED,,3CUH9,JMLKZZ1NL2Z6,,"GEO GROUP, INC., THE",GEO GROUP  INC.  THE,USA,UNITED STATES,6265 GUNBARREL AVE STE B,,BOULDER,08013,BOULDER,08,CO,COLORADO,803015318,CO-02,CO-02,3032181129,3032181461,USA,UNITED STATES,WASHINGTON,11001,DISTRICT OF COLUMBIA,11,DC,DISTRICT OF COLUMBIA,205360001,DC-98,DC-98,AWARD,C,DELIVERY ORDER,,,,,,,J,FIRM FIXED PRICE,INTENSIVE SUPERVISION APPEARANCE PROGRAM (ISAP IV),70CDCR19R00000002,1,"CL,CT","CLOSELY ASSOCIATED,CRITICAL FUNCTIONS",R408,SUPPORT- PROFESSIONAL: PROGRAM MANAGEMENT/SUPPORT,H,NOT BUNDLED,,,561210,FACILITIES SUPPORT SERVICES,C,NO CLAUSES INCLUDED AND NO SUSTAINABILITY INCLUDED,A,U.S. OWNED BUSINESS,,,,,E,NOT REQUIRED,USA,UNITED STATES,C,NOT A MANUFACTURED END PRODUCT,F,INDIVIDUAL SUBCONTRACT PLAN,A,FULL AND OPEN COMPETITION,NP,NEGOTIATED PROPOSAL/QUOTE,,,NONE,NO PREFERENCE USED,,,,,,,,D,COMMERCIAL PRODUCTS/SERVICES PROCEDURES NOT USED,f,N,NO,N,NO,Y,YES,N,NO,,N,NO,X,NOT APPLICABLE,Y,YES,X,NOT APPLICABLE,X,NOT APPLICABLE,,,B,IDC,S,SINGLE AWARD,,NONE,NONE,N,NO,X,NOT APPLICABLE EXEMPT FROM CAS,N,N,,,D,NOT CONSOLIDATED,N,NO - SERVICE WHERE PBA IS NOT USED.,Y,YES,,,N,NO,X,NOT APPLICABLE,f,f,f,f,f,f,f,f,f,f,f,f,f,f,f,f,f,f,f,OTHER THAN SMALL BUSINESS,O,f,f,f,f,f,f,f,f,f,f,f,f,f,f,f,f,f,CORPORATE NOT TAX EXEMPT,t,f,f,f,f,f,f,f,f,f,f,f,f,f,f,f,f,t,f,f,f,f,f,f,f,f,f,f,t,f,f,f,f,f,f,f,f,f,f,f,f,f,f,f,f,f,f,f,f,f,,,,,,,,,,,https://www.usaspending.gov/award/CONT_AWD_70CDCR23FR0000042_7012_70CDCR20D00000011_7012/,2023-07-31
CONT_AWD_70CDCR22FR0000034_7012_70CDCR20D00000011_7012,70CDCR22FR0000034,7012,U.S. IMMIGRATION AND CUSTOMS ENFORCEMENT,70CDCR20D00000011,Q: Excluded from tracking (uses non-emergency/non-disaster designated appropriations),,,,,443410993.65,355909483.09,443410993.65,443410993.65,2022-07-29,2022,2023-07-27,2023,2022-08-01,2023-07-31,2023-07-31 00:00:00,,2022-07-28,070,Department of Homeland Security,7012,U.S. Immigration and Customs Enforcement,70CDCR,DETENTION COMPLIANCE AND REMOVALS,070,Department of Homeland Security,7012,U.S. Immigration and Customs Enforcement,70CEMD,ENFORCEMENT AND REMOVAL OPERATIONS ENFORCEMENT MANAGEMENT DIVISION,070-2022/2022-0540-000;070-2023/2023-0540-000,070-0540,25.1: Advisory and assistance services,0000: UNKNOWN/OTHER;0005: CAS - ENFORCEMENT AND REMOVAL OPERTIONS,X,NOT APPLICABLE,,,PKK6L9KLMYR5,,B.I. INCORPORATED,B.I. INCORPORATED,,3CUH9,JMLKZZ1NL2Z6,,"GEO GROUP, INC., THE",GEO GROUP  INC.  THE,USA,UNITED STATES,6265 GUNBARREL AVE STE B,,BOULDER,08013,BOULDER,08,CO,COLORADO,803015318,CO-02,CO-02,3032181129,3032181461,USA,UNITED STATES,WASHINGTON,11001,DISTRICT OF COLUMBIA,11,DC,DISTRICT OF COLUMBIA,205360001,DC-98,DC-98,AWARD,C,DELIVERY ORDER,,,,,,,J,FIRM FIXED PRICE,INTENSIVE SUPERVISION APPEARANCE PROGRAM (ISAP IV),,1,"CL,CT","CLOSELY ASSOCIATED,CRITICAL FUNCTIONS",R408,SUPPORT- PROFESSIONAL: PROGRAM MANAGEMENT/SUPPORT,H,NOT BUNDLED,,,561210,FACILITIES SUPPORT SERVICES,C,NO CLAUSES INCLUDED AND NO SUSTAINABILITY INCLUDED,A,U.S. OWNED BUSINESS,,,,,E,NOT REQUIRED,USA,UNITED STATES,C,NOT A MANUFACTURED END PRODUCT,F,INDIVIDUAL SUBCONTRACT PLAN,A,FULL AND OPEN COMPETITION,NP,NEGOTIATED PROPOSAL/QUOTE,,,NONE,NO PREFERENCE USED,,,,,,,,D,COMMERCIAL PRODUCTS/SERVICES PROCEDURES NOT USED,f,N,NO,N,NO,Y,YES,N,NO,,N,NO,X,NOT APPLICABLE,Y,YES,X,NOT APPLICABLE,X,NOT APPLICABLE,,,B,IDC,S,SINGLE AWARD,,NONE,NONE,N,NO,,,N,N,,,D,NOT CONSOLIDATED,N,NO - SERVICE WHERE PBA IS NOT USED.,Y,YES,,,N,NO,X,NOT APPLICABLE,f,f,f,f,f,f,f,f,f,f,f,f,f,f,f,f,f,f,f,OTHER THAN SMALL BUSINESS,O,f,f,f,f,f,f,f,f,f,f,f,f,f,f,f,f,f,CORPORATE NOT TAX EXEMPT,t,f,f,f,f,f,f,f,f,f,f,f,f,f,f,f,f,t,f,f,f,f,f,f,f,f,f,f,t,f,f,f,f,f,f,f,f,f,f,f,f,f,f,f,f,f,f,f,f,f,,,,,,,,,,,https://www.usaspending.gov/award/CONT_AWD_70CDCR22FR0000034_7012_70CDCR20D00000011_7012/,2023-07-27
CONT_AWD_70CDCR21FR0000044_7012_70CDCR20D00000011_7012,70CDCR21FR0000044,7012,U.S. IMMIGRATION AND CUSTOMS ENFORCEMENT,70CDCR20D00000011,Q: Excluded from tracking (uses non-emergency/non-disaster designated appropriations),,,,,300396838.93,,300396838.93,300396838.93,2021-07-28,2021,2023-05-05,2023,2021-08-01,2022-07-31,2025-07-31 00:00:00,,2021-07-28,070,Department of Homeland Security,7012,U.S. Immigration and Customs Enforcement,70CDCR,DETENTION COMPLIANCE AND REMOVALS,070,Department of Homeland Security,7012,U.S. Immigration and Customs Enforcement,70CRMD,ENFORCEMENT AND REMOVAL OPERATIONS REMOVAL MANAGEMENT DIVISION,070-2021/2021-0540-000;070-2022/2022-0540-000,070-0540,25.1: Advisory and assistance services,0000: UNKNOWN/OTHER;0005: CAS - ENFORCEMENT AND REMOVAL OPERTIONS,X,NOT APPLICABLE,,,PKK6L9KLMYR5,,B.I. INCORPORATED,B.I. INCORPORATED,,3CUH9,JMLKZZ1NL2Z6,,"GEO GROUP, INC., THE",GEO GROUP  INC.  THE,USA,UNITED STATES,6265 GUNBARREL AVE STE B,,BOULDER,08013,BOULDER,08,CO,COLORADO,803015318,CO-02,CO-02,3032181129,3032181461,USA,UNITED STATES,BOULDER,08013,BOULDER,08,CO,COLORADO,803015318,CO-02,CO-02,AWARD,C,DELIVERY ORDER,,,,,,,J,FIRM FIXED PRICE,INTENSIVE SUPERVISION APPEARANCE PROGRAM (ISAP IV),,1,"CL,CT","CLOSELY ASSOCIATED,CRITICAL FUNCTIONS",R408,SUPPORT- PROFESSIONAL: PROGRAM MANAGEMENT/SUPPORT,H,NOT BUNDLED,,,561210,FACILITIES SUPPORT SERVICES,C,NO CLAUSES INCLUDED AND NO SUSTAINABILITY INCLUDED,A,U.S. OWNED BUSINESS,,,,,E,NOT REQUIRED,USA,UNITED STATES,C,NOT A MANUFACTURED END PRODUCT,F,INDIVIDUAL SUBCONTRACT PLAN,A,FULL AND OPEN COMPETITION,NP,NEGOTIATED PROPOSAL/QUOTE,,,NONE,NO PREFERENCE USED,,,,,,,,D,COMMERCIAL PRODUCTS/SERVICES PROCEDURES NOT USED,f,N,NO,N,NO,Y,YES,N,NO,,N,NO,X,NOT APPLICABLE,Y,YES,X,NOT APPLICABLE,X,NOT APPLICABLE,,,B,IDC,S,SINGLE AWARD,,NONE,NONE,N,NO,,,N,N,,,D,NOT CONSOLIDATED,N,NO - SERVICE WHERE PBA IS NOT USED.,Y,YES,Z,NOT APPLICABLE,N,NO,X,NOT APPLICABLE,f,f,f,f,f,f,f,f,f,f,f,f,f,f,f,f,f,f,f,OTHER THAN SMALL BUSINESS,O,f,f,f,f,f,f,f,f,f,f,f,f,f,f,f,f,f,CORPORATE NOT TAX EXEMPT,t,f,f,f,f,f,f,f,f,f,f,f,f,f,f,f,f,t,f,f,f,f,f,f,f,f,f,f,t,f,f,f,f,f,f,f,f,f,f,f,f,f,f,f,f,f,f,f,f,f,,,,,,,,,,,https://www.usaspending.gov/award/CONT_AWD_70CDCR21FR0000044_7012_70CDCR20D00000011_7012/,2023-05-05
CONT_AWD_70CDCR20FR0000023_7012_70CDCR20D00000011_7012,70CDCR20FR0000023,7012,U.S. IMMIGRATION AND CUSTOMS ENFORCEMENT,70CDCR20D00000011,"9: DEFC of '9' Indicates that the data for this row is not related to a COVID-19 P.L. (not DEFC = L, M, N, O, P, U, or V);Q: Excluded from tracking (uses non-emergency/non-disaster designated appropriations)",,,,,151182337.45,,151182337.45,151182337.45,2020-03-23,2020,2023-01-27,2023,2020-03-23,2021-07-31,2021-07-31 00:00:00,,2020-03-23,070,Department of Homeland Security,7012,U.S. Immigration and Customs Enforcement,70CDCR,DETENTION COMPLIANCE AND REMOVALS,070,Department of Homeland Security,7012,U.S. Immigration and Customs Enforcement,70CEMD,ENFORCEMENT AND REMOVAL OPERATIONS ENFORCEMENT MANAGEMENT DIVISION,070-2019/2020-0540-000;070-2020/2020-0540-000;070-2021/2021-0540-000,070-0540,25.1: Advisory and assistance services,0005: CAS - ENFORCEMENT AND REMOVAL OPERTIONS;OPTN: FIELD IS OPTIONAL PRIOR TO FY21,X,NOT APPLICABLE,,,PKK6L9KLMYR5,,B.I. INCORPORATED,B.I. INCORPORATED,,3CUH9,JMLKZZ1NL2Z6,,"GEO GROUP, INC., THE",GEO GROUP  INC.  THE,USA,UNITED STATES,6265 GUNBARREL AVE STE B,,BOULDER,08013,BOULDER,08,CO,COLORADO,803015318,CO-02,CO-02,3032181129,3032181461,USA,UNITED STATES,BOULDER,08013,BOULDER,08,CO,COLORADO,803015318,CO-02,CO-02,AWARD,C,DELIVERY ORDER,,,,,,,J,FIRM FIXED PRICE,INTENSIVE SUPERVISION APPEARANCE PROGRAM (ISAP IV),,1,"CL,CT","CLOSELY ASSOCIATED,CRITICAL FUNCTIONS",R408,SUPPORT- PROFESSIONAL: PROGRAM MANAGEMENT/SUPPORT,H,NOT BUNDLED,,,561210,FACILITIES SUPPORT SERVICES,C,NO CLAUSES INCLUDED AND NO SUSTAINABILITY INCLUDED,A,U.S. OWNED BUSINESS,,,,,E,NOT REQUIRED,USA,UNITED STATES,C,NOT A MANUFACTURED END PRODUCT,F,INDIVIDUAL SUBCONTRACT PLAN,A,FULL AND OPEN COMPETITION,NP,NEGOTIATED PROPOSAL/QUOTE,,,NONE,NO PREFERENCE USED,,,,,,,,D,COMMERCIAL PRODUCTS/SERVICES PROCEDURES NOT USED,f,N,NO,N,NO,Y,YES,N,NO,0.00,N,NO,X,NOT APPLICABLE,Y,YES,X,NOT APPLICABLE,X,NOT APPLICABLE,,,B,IDC,S,SINGLE AWARD,,NONE,NONE,N,NO,,,N,N,,,D,NOT CONSOLIDATED,Y,YES - SERVICE WHERE PBA IS USED.,Y,YES,,,N,NO,X,NOT APPLICABLE,f,f,f,f,f,f,f,f,f,f,f,f,f,f,f,f,f,f,f,OTHER THAN SMALL BUSINESS,O,f,f,f,f,f,f,f,f,f,f,f,f,f,f,f,f,f,CORPORATE NOT TAX EXEMPT,t,f,f,f,f,f,f,f,f,f,f,f,f,f,f,f,f,t,f,f,f,f,f,f,f,f,f,f,t,f,f,f,f,f,f,f,f,f,f,f,f,f,f,f,f,f,f,f,f,f,,,,,,,,,,,https://www.usaspending.gov/award/CONT_AWD_70CDCR20FR0000023_7012_70CDCR20D00000011_7012/,2023-01-27
CONT_IDV_70CDCR20D00000011_7012,70CDCR20D00000011,,,,,,,,,0.00,,,2215925850.87,2020-03-23,2020,2023-07-30,2023,2020-03-23,,,2024-07-31,2019-05-17,070,Department of Homeland Security,7012,U.S. Immigration and Customs Enforcement,70CDCR,DETENTION COMPLIANCE AND REMOVALS,070,Department of Homeland Security,7012,U.S. Immigration and Customs Enforcement,70CEMD,ENFORCEMENT AND REMOVAL OPERATIONS ENFORCEMENT MANAGEMENT DIVISION,,,,,X,NOT APPLICABLE,,,PKK6L9KLMYR5,,B.I. INCORPORATED,B.I. INCORPORATED,,3CUH9,JMLKZZ1NL2Z6,,"GEO GROUP, INC., THE",GEO GROUP  INC.  THE,USA,UNITED STATES,6265 GUNBARREL AVE STE B,,BOULDER,08013,BOULDER,08,CO,COLORADO,803015318,CO-02,CO-02,3032181129,3032181461,,,,,,,,,,,,IDV,,,B,IDC,S,SINGLE AWARD,B,INDEFINITE DELIVERY / INDEFINITE QUANTITY,J,FIRM FIXED PRICE,INTENSIVE SUPERVISION APPEARANCE PROGRAM (ISAP IV),70CDCR19R00000002,,"CL,CT","CLOSELY ASSOCIATED,CRITICAL FUNCTIONS",R408,SUPPORT- PROFESSIONAL: PROGRAM MANAGEMENT/SUPPORT,H,NOT BUNDLED,,,561210,FACILITIES SUPPORT SERVICES,C,NO CLAUSES INCLUDED AND NO SUSTAINABILITY INCLUDED,A,U.S. OWNED BUSINESS,,,,,,,,,,,F,INDIVIDUAL SUBCONTRACT PLAN,A,FULL AND OPEN COMPETITION,NP,NEGOTIATED PROPOSAL/QUOTE,NONE,NO SET ASIDE USED.,NONE,NO PREFERENCE USED,,,,,,,2,D,COMMERCIAL PRODUCTS/SERVICES PROCEDURES NOT USED,f,N,NO,N,NO,Y,YES,N,NO,,N,NO,X,NOT APPLICABLE,Y,YES,X,NOT APPLICABLE,X,NOT APPLICABLE,,,,,,,,NONE,NONE,N,NO,X,NOT APPLICABLE EXEMPT FROM CAS,N,N,,,D,NOT CONSOLIDATED,Y,YES - SERVICE WHERE PBA IS USED.,Y,YES,,,,,X,NOT APPLICABLE,f,f,f,f,f,f,f,f,f,f,f,f,f,f,f,f,f,f,f,OTHER THAN SMALL BUSINESS,O,f,f,f,f,f,f,f,f,f,f,f,f,f,f,f,f,f,CORPORATE NOT TAX EXEMPT,t,f,f,f,f,f,f,f,f,f,f,f,f,f,f,f,f,t,f,f,f,f,f,f,f,f,f,f,t,f,f,f,f,f,f,f,f,f,f,f,f,f,f,f,f,f,f,f,f,f,,,,,,,,,,,https://www.usaspending.gov/award/CONT_IDV_70CDCR20D00000011_7012/,2023-07-30
CONT_AWD_70CDCR19FR0000077_7012_HSCEDM14D00004_7012,70CDCR19FR0000077,7012,U.S. IMMIGRATION AND CUSTOMS ENFORCEMENT,HSCEDM14D00004,"9: DEFC of '9' Indicates that the data for this row is not related to a COVID-19 P.L. (not DEFC = L, M, N, O, P, U, or V);Q: Excluded from tracking (uses non-emergency/non-disaster designated appropriations)",,,,,138542822.16,,138542822.16,138542822.16,2019-08-28,2019,2021-08-10,2021,2019-08-28,2020-07-31,2020-07-31 00:00:00,,2014-06-06,070,Department of Homeland Security,7012,U.S. Immigration and Customs Enforcement,70CDCR,DETENTION COMPLIANCE AND REMOVALS,070,Department of Homeland Security,7012,U.S. Immigration and Customs Enforcement,70CEMD,ENFORCEMENT AND REMOVAL OPERATIONS ENFORCEMENT MANAGEMENT DIVISION,070-2019/2019-0540-000;070-2020/2020-0540-000,070-0540,25.1: Advisory and assistance services,0005: CAS - ENFORCEMENT AND REMOVAL OPERTIONS;OPTN: FIELD IS OPTIONAL PRIOR TO FY21,X,NOT APPLICABLE,,,PKK6L9KLMYR5,094160959,B.I. INCORPORATED,B.I. INCORPORATED,,3CUH9,JMLKZZ1NL2Z6,612706465,"GEO GROUP, INC., THE",GEO GROUP  INC.  THE,USA,UNITED STATES,6400 LOOKOUT RD,,BOULDER,08013,BOULDER,08,CO,COLORADO,803013377,CO-02,CO-02,3032181129,3032181461,USA,UNITED STATES,BOULDER,08013,BOULDER,08,CO,COLORADO,803013377,CO-02,CO-02,AWARD,C,DELIVERY ORDER,,,,,,,J,FIRM FIXED PRICE,INTENSIVE SUPERVISION APPEARANCE PROGRAM (ISAP III) FOR ALTERNATIVES TO DETENTION,,1,"CL,CT","CLOSELY ASSOCIATED,CRITICAL FUNCTIONS",R408,SUPPORT- PROFESSIONAL: PROGRAM MANAGEMENT/SUPPORT,H,NOT BUNDLED,,,561210,FACILITIES SUPPORT SERVICES,C,NO CLAUSES INCLUDED AND NO SUSTAINABILITY INCLUDED,A,U.S. OWNED BUSINESS,,,,,E,NOT REQUIRED,USA,UNITED STATES,C,NOT A MANUFACTURED END PRODUCT,C,PLAN REQUIRED - INCENTIVE NOT INCLUDED,A,FULL AND OPEN COMPETITION,NP,NEGOTIATED PROPOSAL/QUOTE,,,NONE,NO PREFERENCE USED,,,,,,,,D,COMMERCIAL ITEM PROCEDURES NOT USED,f,N,NO,N,NO,Y,YES,N,NO,,N,NO,X,NOT APPLICABLE,Y,YES,X,NOT APPLICABLE,X,NOT APPLICABLE,,,B,IDC,S,SINGLE AWARD,,NONE,NONE,N,NO,,,N,N,,,D,NOT CONSOLIDATED,Y,YES - SERVICE WHERE PBA IS USED.,N,NO,,,N,NO,X,NOT APPLICABLE,f,f,f,f,f,f,f,f,f,f,f,f,f,f,f,f,f,f,f,OTHER THAN SMALL BUSINESS,O,f,f,f,f,f,f,f,f,f,f,f,f,f,f,f,f,f,CORPORATE NOT TAX EXEMPT,t,f,f,f,f,f,f,f,f,f,f,f,t,f,f,f,f,t,f,f,f,f,f,f,f,f,f,f,t,f,f,f,f,f,f,f,f,f,f,f,f,f,f,f,f,f,f,f,f,f,,,,,,,,,,,https://www.usaspending.gov/award/CONT_AWD_70CDCR19FR0000077_7012_HSCEDM14D00004_7012/,2021-08-10
CONT_IDV_HSCEAB04C0008_7012,HSCEAB04C0008,,,,,,,,,0.00,,,,2004-03-22,2004,2017-05-31,2017,2004-03-22,,,2009-03-21,,070,Department of Homeland Security,7012,U.S. Immigration and Customs Enforcement,70CMSD,MISSION SUPPORT DALLAS,070,Department of Homeland Security,7055,Office of the Chief Procurement Officer,70QXXX,DHS CLOSEOUT INITIATIVE,,,,,X,NOT APPLICABLE,,,PKK6L9KLMYR5,094160959,B.I. INCORPORATED,BI INCORPORATED,,,JMLKZZ1NL2Z6,612706465,"GEO GROUP, INC., THE",GEO GROUP  INC.  THE,USA,UNITED STATES,6400 LOOKOUT ROAD,,BOULDER,08013,BOULDER,08,CO,COLORADO,803013377,CO-02,CO-02,,,,,,,,,,,,,,IDV,,,B,IDC,S,SINGLE AWARD,A,INDEFINITE DELIVERY / REQUIREMENTS,J,FIRM FIXED PRICE,INTENSIVE SUPERVISION PROGRAM,,,,,G099,SOCIAL- OTHER,D,NOT A BUNDLED REQUIREMENT,,,624190,OTHER INDIVIDUAL AND FAMILY SERVICES,C,NO CLAUSES INCLUDED AND NO SUSTAINABILITY INCLUDED,,,,,,,,,,,,,B,PLAN NOT REQUIRED,A,FULL AND OPEN COMPETITION,NP,NEGOTIATED PROPOSAL/QUOTE,NONE,NO SET ASIDE USED.,NONE,NO PREFERENCE USED,,,,,,,3,D,COMMERCIAL ITEM PROCEDURES NOT USED,f,N,NO,N,NO,X,NOT APPLICABLE,,,,N,NO,X,NOT APPLICABLE,X,NOT APPLICABLE,X,NOT APPLICABLE,B,OTHER STATUTORY AUTHORITY,NONE,DRO,,,,,,NONE,NONE,,,X,NOT APPLICABLE EXEMPT FROM CAS,N,N,,,N,NO,N,NO - SERVICE WHERE PBA IS NOT USED.,N,NO,,,,,X,NOT APPLICABLE,f,f,f,f,f,f,f,f,f,f,f,f,f,f,f,f,f,f,f,OTHER THAN SMALL BUSINESS,O,f,f,f,f,f,f,f,f,f,f,f,f,f,f,f,f,f,,f,f,f,f,f,f,f,f,f,f,f,f,f,f,f,f,f,f,f,f,f,f,f,f,f,f,f,f,f,f,f,f,f,f,f,f,f,f,f,f,f,f,f,f,f,f,f,f,f,f,,,,,,,,,,,https://www.usaspending.gov/award/CONT_IDV_HSCEAB04C0008_7012/,2017-07-31
CONT_IDV_HSCEDM14D00004_7012,HSCEDM14D00004,,,,,,,,,0.00,,,673827064.21,2014-09-02,2014,2020-07-15,2020,2014-09-08,,,2020-07-31,,070,Department of Homeland Security,7012,U.S. Immigration and Customs Enforcement,70CDCR,DETENTION COMPLIANCE AND REMOVALS,070,Department of Homeland Security,7012,U.S. Immigration and Customs Enforcement,70CEMD,ENFORCMNT&REMOVL OPNS HQ ENF MNGMT,,,,,X,NOT APPLICABLE,,,PKK6L9KLMYR5,094160959,B.I. INCORPORATED,B.I. INCORPORATED,,3CUH9,JMLKZZ1NL2Z6,612706465,"GEO GROUP, INC., THE",GEO GROUP  INC.  THE,USA,UNITED STATES,6400 LOOKOUT RD,,BOULDER,08013,BOULDER,08,CO,COLORADO,803013377,CO-02,CO-02,3032181129,3032181461,,,,,,,,,,,,IDV,,,B,IDC,S,SINGLE AWARD,A,INDEFINITE DELIVERY / REQUIREMENTS,J,FIRM FIXED PRICE,INTENSIVE SUPERVISION APPEARANCE PROGRAM (ISAP III) IGF::CT::IGF,HSCECR-14-R-00001,,CT,CRITICAL FUNCTIONS,R408,SUPPORT- PROFESSIONAL: PROGRAM MANAGEMENT/SUPPORT,D,NOT A BUNDLED REQUIREMENT,,,561210,FACILITIES SUPPORT SERVICES,C,NO CLAUSES INCLUDED AND NO SUSTAINABILITY INCLUDED,A,U.S. OWNED BUSINESS,,,,,,,,,,,C,PLAN REQUIRED - INCENTIVE NOT INCLUDED,A,FULL AND OPEN COMPETITION,NP,NEGOTIATED PROPOSAL/QUOTE,NONE,NO SET ASIDE USED.,NONE,NO PREFERENCE USED,,,,,,,4,D,COMMERCIAL ITEM PROCEDURES NOT USED,f,N,NO,N,NO,Y,YES,N,NO,,N,NO,X,NOT APPLICABLE,Y,YES,X,NOT APPLICABLE,X,NOT APPLICABLE,,,,,,,,NONE,NONE,N,NO,X,NOT APPLICABLE EXEMPT FROM CAS,N,N,,,N,NO,Y,YES - SERVICE WHERE PBA IS USED.,N,NO,,,,,X,NOT APPLICABLE,f,f,f,f,f,f,f,f,f,f,f,f,f,f,f,f,f,f,f,OTHER THAN SMALL BUSINESS,O,f,f,f,f,f,f,f,f,f,f,f,f,f,f,f,f,f,CORPORATE NOT TAX EXEMPT,t,f,f,f,f,f,f,f,f,f,f,f,t,f,f,f,f,t,f,f,f,f,f,f,f,f,f,f,t,f,f,f,f,f,f,f,f,f,f,f,f,f,f,f,f,f,f,f,f,f,,,,,,,,,,,https://www.usaspending.gov/award/CONT_IDV_HSCEDM14D00004_7012/,2020-07-16
CONT_IDV_HSACB4C0008_7012,HSACB4C0008,,,,,,,,,0.00,,,,2005-06-30,2005,2017-05-31,2017,2005-06-30,,,2009-12-28,,070,Department of Homeland Security,7012,U.S. Immigration and Customs Enforcement,70CMSD,MISSION SUPPORT DALLAS,070,Department of Homeland Security,7055,Office of the Chief Procurement Officer,70QXXX,DHS CLOSEOUT INITIATIVE,,,,,X,NOT APPLICABLE,,,PKK6L9KLMYR5,094160959,B.I. INCORPORATED,BI INCORPORATED,,,JMLKZZ1NL2Z6,612706465,"GEO GROUP, INC., THE",GEO GROUP  INC.  THE,USA,UNITED STATES,6400 LOOKOUT ROAD,,BOULDER,08013,BOULDER,08,CO,COLORADO,803013377,CO-02,CO-02,,,,,,,,,,,,,,IDV,,,B,IDC,S,SINGLE AWARD,B,INDEFINITE DELIVERY / INDEFINITE QUANTITY,J,FIRM FIXED PRICE,ISAP PROGRAM - ADD SUB LINE ITEMS,,,,,G099,SOCIAL- OTHER,D,NOT A BUNDLED REQUIREMENT,,,624190,OTHER INDIVIDUAL AND FAMILY SERVICES,C,NO CLAUSES INCLUDED AND NO SUSTAINABILITY INCLUDED,,,,,,,,,,,,,C,PLAN REQUIRED - INCENTIVE NOT INCLUDED,A,FULL AND OPEN COMPETITION,NP,NEGOTIATED PROPOSAL/QUOTE,NONE,NO SET ASIDE USED.,NONE,NO PREFERENCE USED,,,,,,,3,D,COMMERCIAL ITEM PROCEDURES NOT USED,f,N,NO,N,NO,X,NOT APPLICABLE,,,,N,NO,X,NOT APPLICABLE,Y,YES,X,NOT APPLICABLE,X,NOT APPLICABLE,,ISAP,,,,,,NONE,NONE,,,X,NOT APPLICABLE EXEMPT FROM CAS,N,N,,,N,NO,N,NO - SERVICE WHERE PBA IS NOT USED.,N,NO,,,,,X,NOT APPLICABLE,f,f,f,f,f,f,f,f,f,f,f,f,f,f,f,f,f,f,f,OTHER THAN SMALL BUSINESS,O,f,f,f,f,f,f,f,f,f,f,f,f,f,f,f,f,f,,f,f,f,f,f,f,f,f,f,f,f,f,f,f,f,f,f,f,f,f,f,f,f,f,f,f,f,f,f,f,f,f,f,f,f,f,f,f,f,f,f,f,f,f,f,f,f,f,f,f,,,,,,,,,,,https://www.usaspending.gov/award/CONT_IDV_HSACB4C0008_7012/,2017-07-31
CONT_IDV_HSCECR09D00002_7012,HSCECR09D00002,,,,,,,,,0.00,,,,2009-07-17,2009,2017-05-31,2017,2009-07-20,,,2014-11-05,,070,Department of Homeland Security,7012,U.S. Immigration and Customs Enforcement,70CDCR,DETENTION COMPLIANCE AND REMOVALS,070,Department of Homeland Security,7055,Office of the Chief Procurement Officer,70QXXX,DHS CLOSEOUT INITIATIVE,,,,,X,NOT APPLICABLE,,,PKK6L9KLMYR5,094160959,B.I. INCORPORATED,BI INCORPORATED,,,JMLKZZ1NL2Z6,612706465,"GEO GROUP, INC., THE",GEO GROUP  INC.  THE,USA,UNITED STATES,6400 LOOKOUT RD STE 101,,BOULDER,08013,BOULDER,08,CO,COLORADO,803013377,CO-02,CO-02,3032181129,3032181461,,,,,,,,,,,,IDV,,,B,IDC,S,SINGLE AWARD,B,INDEFINITE DELIVERY / INDEFINITE QUANTITY,J,FIRM FIXED PRICE,"THE INTENSIVE SUPERVISION APPEARANCE PROGRAM (ISAP) II IS A CORE COMMUNITY-BASED SUPERVISION AND IN-PERSON REPORTING PROGRAM DESIGNED TO PROVIDE COST-EFFECTIVE ALTERNATIVES TO SECURE DETENTION FOR ALIENS BEING PROCESSED THROUGH THE IMMIGRATION COURT SYSTEM, WHILE ENSURING COMPLIANCE BY NON-DETAINED ALIENS WITH FINAL ORDERS ISSUED BY THE IMMIGRATION COURT.",HSCECR-09-R-00004,,,,R408,SUPPORT- PROFESSIONAL: PROGRAM MANAGEMENT/SUPPORT,D,NOT A BUNDLED REQUIREMENT,,,561210,FACILITIES SUPPORT SERVICES,C,NO CLAUSES INCLUDED AND NO SUSTAINABILITY INCLUDED,A,U.S. OWNED BUSINESS,,,,,,,,,,,C,PLAN REQUIRED - INCENTIVE NOT INCLUDED,A,FULL AND OPEN COMPETITION,NP,NEGOTIATED PROPOSAL/QUOTE,NONE,NO SET ASIDE USED.,NONE,NO PREFERENCE USED,,,,,,,3,D,COMMERCIAL ITEM PROCEDURES NOT USED,f,N,NO,N,NO,Y,YES,N,NO,,N,NO,X,NOT APPLICABLE,X,NOT APPLICABLE,X,NOT APPLICABLE,X,NOT APPLICABLE,,ISAP II,,,,,,NONE,NONE,N,NO,X,NOT APPLICABLE EXEMPT FROM CAS,N,N,,,N,NO,N,NO - SERVICE WHERE PBA IS NOT USED.,N,NO,,,,,X,NOT APPLICABLE,f,f,f,f,f,f,f,f,f,f,f,f,f,f,f,f,f,f,f,OTHER THAN SMALL BUSINESS,O,f,f,f,f,f,f,f,f,f,f,f,f,f,f,f,f,f,,t,f,f,f,f,f,f,f,f,f,f,f,t,f,f,t,f,f,f,f,f,f,f,f,f,f,f,f,t,f,f,f,f,f,f,f,f,f,f,f,f,f,f,f,f,f,f,f,f,f,,,,,,,,,,,https://www.usaspending.gov/award/CONT_IDV_HSCECR09D00002_7012/,2017-07-31
CONT_AWD_70CDCR18FR0000118_7012_HSCEDM14D00004_7012,70CDCR18FR0000118,7012,U.S. IMMIGRATION AND CUSTOMS ENFORCEMENT,HSCEDM14D00004,"9: DEFC of '9' Indicates that the data for this row is not related to a COVID-19 P.L. (not DEFC = L, M, N, O, P, U, or V)",,,,,162229226.05,,162229226.05,162229226.05,2018-08-13,2018,2019-10-23,2020,2018-08-13,2019-08-31,2019-08-31 00:00:00,,,070,Department of Homeland Security,7012,U.S. Immigration and Customs Enforcement,70CDCR,DETENTION COMPLIANCE AND REMOVALS,070,Department of Homeland Security,7012,U.S. Immigration and Customs Enforcement,70CEMD,ENFORCMNTREMOVL OPNS HQ ENF MNGMT,070-2018/2018-0540-000;070-2019/2019-0540-000,070-0540,25.1: Advisory and assistance services,OPTN: FIELD IS OPTIONAL PRIOR TO FY21,X,NOT APPLICABLE,,,PKK6L9KLMYR5,094160959,B.I. INCORPORATED,B.I. INCORPORATED,,3CUH9,JMLKZZ1NL2Z6,612706465,"GEO GROUP, INC., THE",GEO GROUP  INC.  THE,USA,UNITED STATES,6400 LOOKOUT RD,,BOULDER,08013,BOULDER,08,CO,COLORADO,803013377,CO-02,CO-02,3032181129,3032181461,USA,UNITED STATES,BOULDER,08013,BOULDER,08,CO,COLORADO,803013377,CO-02,CO-02,AWARD,C,DELIVERY ORDER,,,,,,,J,FIRM FIXED PRICE,ISAP III ALTERNATIVES TO DETENTION TASK ORDER,,1,"CL,CT","CLOSELY ASSOCIATED,CRITICAL FUNCTIONS",R408,SUPPORT- PROFESSIONAL: PROGRAM MANAGEMENT/SUPPORT,H,NOT BUNDLED,,,561210,FACILITIES SUPPORT SERVICES,C,NO CLAUSES INCLUDED AND NO SUSTAINABILITY INCLUDED,A,U.S. OWNED BUSINESS,,,,,E,NOT REQUIRED,USA,UNITED STATES,C,NOT A MANUFACTURED END PRODUCT,C,PLAN REQUIRED - INCENTIVE NOT INCLUDED,A,FULL AND OPEN COMPETITION,NP,NEGOTIATED PROPOSAL/QUOTE,,,NONE,NO PREFERENCE USED,,,,,,,,D,COMMERCIAL ITEM PROCEDURES NOT USED,f,N,NO,N,NO,Y,YES,N,NO,,N,NO,X,NOT APPLICABLE,Y,YES,X,NOT APPLICABLE,X,NOT APPLICABLE,,,B,IDC,S,SINGLE AWARD,,NONE,NONE,N,NO,,,N,N,,,D,NOT CONSOLIDATED,Y,YES - SERVICE WHERE PBA IS USED.,N,NO,,,N,NO,X,NOT APPLICABLE,f,f,f,f,f,f,f,f,f,f,f,f,f,f,f,f,f,f,f,OTHER THAN SMALL BUSINESS,O,f,f,f,f,f,f,f,f,f,f,f,f,f,f,f,f,f,CORPORATE NOT TAX EXEMPT,t,f,f,f,f,f,f,f,f,f,f,f,t,f,f,f,f,t,f,f,f,f,f,f,f,f,f,f,t,f,f,f,f,f,f,f,f,f,f,f,f,f,f,f,f,f,f,f,f,f,,,,,,,,,,,https://www.usaspending.gov/award/CONT_AWD_70CDCR18FR0000118_7012_HSCEDM14D00004_7012/,2019-10-28
CONT_AWD_HSCEVT04CACB4C0008_7012_-NONE-_-NONE-,HSCEVT04CACB4C0008,,,,,,,,,0.00,,,,2004-03-22,2004,2017-05-31,2017,2004-03-22,2006-06-20,2009-06-20 00:00:00,,,070,Department of Homeland Security,7012,U.S. Immigration and Customs Enforcement,70CMSD,MISSION SUPPORT DALLAS,070,Department of Homeland Security,7055,Office of the Chief Procurement Officer,70QXXX,DHS CLOSEOUT INITIATIVE,,,,,X,NOT APPLICABLE,,,PKK6L9KLMYR5,094160959,B.I. INCORPORATED,BI INCORPORATED,,,JMLKZZ1NL2Z6,612706465,"GEO GROUP, INC., THE",GEO GROUP  INC.  THE,USA,UNITED STATES,6400 LOOKOUT ROAD,,BOULDER,08013,BOULDER,08,CO,COLORADO,803013377,CO-02,CO-02,,,USA,UNITED STATES,BOULDER,08013,BOULDER,08,CO,COLORADO,803013377,CO-02,CO-02,AWARD,D,DEFINITIVE CONTRACT,,,,,,,J,FIRM FIXED PRICE,INTENSIVE SUPERVISION APPEARANCE PROGRAM,,1,,,G099,SOCIAL- OTHER,D,NOT A BUNDLED REQUIREMENT,,,624190,OTHER INDIVIDUAL AND FAMILY SERVICES,C,NO CLAUSES INCLUDED AND NO SUSTAINABILITY INCLUDED,,,,,,,E,NOT REQUIRED,USA,UNITED STATES,,,C,PLAN REQUIRED - INCENTIVE NOT INCLUDED,A,FULL AND OPEN COMPETITION,NP,NEGOTIATED PROPOSAL/QUOTE,NONE,NO SET ASIDE USED.,NONE,NO PREFERENCE USED,,,,,,,7,A,COMMERCIAL ITEM,f,N,NO,N,NO,Y,YES,,,0.00,N,NO,X,NOT APPLICABLE,Y,YES,X,NOT APPLICABLE,X,NOT APPLICABLE,,,,,,,,NONE,NONE,,,X,NOT APPLICABLE EXEMPT FROM CAS,N,N,,,N,NO,Y,YES - SERVICE WHERE PBA IS USED.,N,NO,,,N,NO,X,NOT APPLICABLE,f,f,f,f,f,f,f,f,f,f,f,f,f,f,f,f,f,f,f,OTHER THAN SMALL BUSINESS,O,f,f,f,f,f,f,f,f,f,f,f,f,f,f,f,f,f,,f,f,f,f,f,f,f,f,f,f,f,f,f,f,f,f,f,f,f,f,f,f,f,f,f,f,f,f,f,f,f,f,f,f,f,f,f,f,f,f,f,f,f,f,f,f,f,f,f,f,,,,,,,,,,,https://www.usaspending.gov/award/CONT_AWD_HSCEVT04CACB4C0008_7012_-NONE-_-NONE-/,2017-07-30
CONT_AWD_HSCEOP07J00623_7012_HSACB4C0008_7012,HSCEOP07J00623,7012,U.S. IMMIGRATION AND CUSTOMS ENFORCEMENT,HSACB4C0008,,,,,,12829131.34,,,,2007-09-24,2007,2017-05-31,2017,2007-09-24,2008-09-23,2008-09-23 00:00:00,,,070,Department of Homeland Security,7012,U.S. Immigration and Customs Enforcement,70CMSD,MISSION SUPPORT DALLAS,070,Department of Homeland Security,7055,Office of the Chief Procurement Officer,70QXXX,DHS CLOSEOUT INITIATIVE,,,,,X,NOT APPLICABLE,,,PKK6L9KLMYR5,094160959,B.I. INCORPORATED,BI INCORPORATED,,,JMLKZZ1NL2Z6,612706465,"GEO GROUP, INC., THE",GEO GROUP  INC.  THE,USA,UNITED STATES,6400 LOOKOUT ROAD,,BOULDER,08013,BOULDER,08,CO,COLORADO,803013377,CO-02,CO-02,,,USA,UNITED STATES,WASHINGTON,11001,DISTRICT OF COLUMBIA,11,DC,DISTRICT OF COLUMBIA,205360001,DC-00,DC-98,AWARD,C,DELIVERY ORDER,,,,,,,J,FIRM FIXED PRICE,ISAP NEW YORK EXPANSION,,1,,,G099,SOCIAL- OTHER,D,NOT A BUNDLED REQUIREMENT,,,624190,OTHER INDIVIDUAL AND FAMILY SERVICES,,,,,,,,,E,NOT REQUIRED,,,C,NOT A MANUFACTURED END PRODUCT,,,A,FULL AND OPEN COMPETITION,NP,NEGOTIATED PROPOSAL/QUOTE,NONE,NO SET ASIDE USED.,NONE,NO PREFERENCE USED,,,,,,,3,D,COMMERCIAL ITEM PROCEDURES NOT USED,f,N,NO,N,NO,X,NOT APPLICABLE,N,NO,0.00,N,NO,X,NOT APPLICABLE,Y,YES,X,NOT APPLICABLE,X,NOT APPLICABLE,,,B,IDC,S,SINGLE AWARD,,NONE,NONE,,,X,NOT APPLICABLE EXEMPT FROM CAS,N,N,,,N,NO,N,NO - SERVICE WHERE PBA IS NOT USED.,N,NO,Z,NOT APPLICABLE,N,NO,X,NOT APPLICABLE,f,f,f,f,f,f,f,f,f,f,f,f,f,f,f,f,f,f,f,OTHER THAN SMALL BUSINESS,O,f,f,f,f,f,f,f,f,f,f,f,f,f,f,f,f,f,,f,f,f,f,f,f,f,f,f,f,f,f,f,f,f,f,f,f,f,f,f,f,f,f,f,f,f,f,f,f,f,f,f,f,f,f,f,f,f,f,f,f,f,f,f,f,f,f,f,f,,,,,,,,,,,https://www.usaspending.gov/award/CONT_AWD_HSCEOP07J00623_7012_HSACB4C0008_7012/,2017-07-30
CONT_AWD_HSCEOP07J00541_7012_HSACB4C0008_7012,HSCEOP07J00541,7012,U.S. IMMIGRATION AND CUSTOMS ENFORCEMENT,HSACB4C0008,,,,,,7449517.76,,,,2007-06-18,2007,2017-05-31,2017,2007-06-18,2008-06-20,2008-06-20 00:00:00,,,070,Department of Homeland Security,7012,U.S. Immigration and Customs Enforcement,70CMSD,MISSION SUPPORT DALLAS,070,Department of Homeland Security,7055,Office of the Chief Procurement Officer,70QXXX,DHS CLOSEOUT INITIATIVE,,,,,X,NOT APPLICABLE,,,PKK6L9KLMYR5,094160959,B.I. INCORPORATED,BI INCORPORATED,,,JMLKZZ1NL2Z6,612706465,"GEO GROUP, INC., THE",GEO GROUP  INC.  THE,USA,UNITED STATES,6400 LOOKOUT ROAD,,BOULDER,08013,BOULDER,08,CO,COLORADO,803013377,CO-02,CO-02,,,USA,UNITED STATES,WASHINGTON,11001,DISTRICT OF COLUMBIA,11,DC,DISTRICT OF COLUMBIA,205360001,DC-00,DC-98,AWARD,C,DELIVERY ORDER,,,,,,,J,FIRM FIXED PRICE,ISAP CONTRACT FOR OPTION YEAR 3,,1,,,G099,SOCIAL- OTHER,D,NOT A BUNDLED REQUIREMENT,,,624190,OTHER INDIVIDUAL AND FAMILY SERVICES,,,,,,,,,E,NOT REQUIRED,,,C,NOT A MANUFACTURED END PRODUCT,,,A,FULL AND OPEN COMPETITION,NP,NEGOTIATED PROPOSAL/QUOTE,NONE,NO SET ASIDE USED.,NONE,NO PREFERENCE USED,,,,,,,3,D,COMMERCIAL ITEM PROCEDURES NOT USED,f,N,NO,N,NO,X,NOT APPLICABLE,,,0.00,N,NO,X,NOT APPLICABLE,Y,YES,X,NOT APPLICABLE,X,NOT APPLICABLE,,,B,IDC,S,SINGLE AWARD,,NONE,NONE,,,X,NOT APPLICABLE EXEMPT FROM CAS,N,N,N,NO,N,NO,N,NO - SERVICE WHERE PBA IS NOT USED.,N,NO,Z,NOT APPLICABLE,N,NO,X,NOT APPLICABLE,f,f,f,f,f,f,f,f,f,f,f,f,f,f,f,f,f,f,f,OTHER THAN SMALL BUSINESS,O,f,f,f,f,f,f,f,f,f,f,f,f,f,f,f,f,f,,f,f,f,f,f,f,f,f,f,f,f,f,f,f,f,f,f,f,f,f,f,f,f,f,f,f,f,f,f,f,f,f,f,f,f,f,f,f,f,f,f,f,f,f,f,f,f,f,f,f,,,,,,,,,,,https://www.usaspending.gov/award/CONT_AWD_HSCEOP07J00541_7012_HSACB4C0008_7012/,2017-07-29
CONT_AWD_HSCEOP06J00396_7012_HSACB4C0008_7012,HSCEOP06J00396,7012,U.S. IMMIGRATION AND CUSTOMS ENFORCEMENT,HSACB4C0008,,,,,,9100000.00,,,,2006-08-08,2006,2017-05-31,2017,2006-08-08,2007-06-20,2007-06-20 00:00:00,,,070,Department of Homeland Security,7012,U.S. Immigration and Customs Enforcement,70CMSD,MISSION SUPPORT DALLAS,070,Department of Homeland Security,7055,Office of the Chief Procurement Officer,70QXXX,DHS CLOSEOUT INITIATIVE,,,,,X,NOT APPLICABLE,,,PKK6L9KLMYR5,094160959,B.I. INCORPORATED,BI INCORPORATED,,,JMLKZZ1NL2Z6,612706465,"GEO GROUP, INC., THE",GEO GROUP  INC.  THE,USA,UNITED STATES,6400 LOOKOUT ROAD,,BOULDER,08013,BOULDER,08,CO,COLORADO,803013377,CO-02,CO-02,,,USA,UNITED STATES,WASHINGTON,11001,DISTRICT OF COLUMBIA,11,DC,DISTRICT OF COLUMBIA,205360001,DC-00,DC-98,AWARD,C,DELIVERY ORDER,,,,,,,J,FIRM FIXED PRICE,ISAP PROGRAM,,1,,,G099,SOCIAL- OTHER,D,NOT A BUNDLED REQUIREMENT,,,624190,OTHER INDIVIDUAL AND FAMILY SERVICES,,,,,,,,,E,NOT REQUIRED,USA,UNITED STATES,,,,,A,FULL AND OPEN COMPETITION,NP,NEGOTIATED PROPOSAL/QUOTE,NONE,NO SET ASIDE USED.,NONE,NO PREFERENCE USED,,,,,,,3,D,COMMERCIAL ITEM PROCEDURES NOT USED,f,N,NO,N,NO,X,NOT APPLICABLE,,,,N,NO,X,NOT APPLICABLE,Y,YES,X,NOT APPLICABLE,X,NOT APPLICABLE,,,B,IDC,S,SINGLE AWARD,,NONE,NONE,,,X,NOT APPLICABLE EXEMPT FROM CAS,N,N,N,NO,N,NO,N,NO - SERVICE WHERE PBA IS NOT USED.,N,NO,Z,NOT APPLICABLE,N,NO,X,NOT APPLICABLE,f,f,f,f,f,f,f,f,f,f,f,f,f,f,f,f,f,f,f,OTHER THAN SMALL BUSINESS,O,f,f,f,f,f,f,f,f,f,f,f,f,f,f,f,f,f,,f,f,f,f,f,f,f,f,f,f,f,f,f,f,f,f,f,f,f,f,f,f,f,f,f,f,f,f,f,f,f,f,f,f,f,f,f,f,f,f,f,f,f,f,f,f,f,f,f,f,,,,,,,,,,,https://www.usaspending.gov/award/CONT_AWD_HSCEOP06J00396_7012_HSACB4C0008_7012/,2017-07-30
CONT_AWD_HSCEOP05J00115_7012_HSCEAB04C0008_7012,HSCEOP05J00115,7012,U.S. IMMIGRATION AND CUSTOMS ENFORCEMENT,HSCEAB04C0008,,,,,,15543090.00,,,,2005-06-21,2005,2017-05-31,2017,2005-06-21,2009-06-20,2009-06-20 00:00:00,,,070,Department of Homeland Security,7012,U.S. Immigration and Customs Enforcement,70CMSD,MISSION SUPPORT DALLAS,070,Department of Homeland Security,7055,Office of the Chief Procurement Officer,70QXXX,DHS CLOSEOUT INITIATIVE,,,,,X,NOT APPLICABLE,,,PKK6L9KLMYR5,094160959,B.I. INCORPORATED,BI INCORPORATED,,,JMLKZZ1NL2Z6,612706465,"GEO GROUP, INC., THE",GEO GROUP  INC.  THE,USA,UNITED STATES,6400 LOOKOUT ROAD,,BOULDER,08013,BOULDER,08,CO,COLORADO,803013377,CO-02,CO-02,,,USA,UNITED STATES,BOULDER,08013,BOULDER,08,CO,COLORADO,803013377,CO-02,CO-02,AWARD,C,DELIVERY ORDER,,,,,,,J,FIRM FIXED PRICE,INTENSIVE SUPERVISION PROGRAM,,1,,,G099,SOCIAL- OTHER,D,NOT A BUNDLED REQUIREMENT,,,624190,OTHER INDIVIDUAL AND FAMILY SERVICES,,,,,,,,,E,NOT REQUIRED,USA,UNITED STATES,C,NOT A MANUFACTURED END PRODUCT,,,A,FULL AND OPEN COMPETITION,NP,NEGOTIATED PROPOSAL/QUOTE,NONE,NO SET ASIDE USED.,NONE,NO PREFERENCE USED,,,,,,,3,D,COMMERCIAL ITEM PROCEDURES NOT USED,f,N,NO,N,NO,X,NOT APPLICABLE,,,0.00,N,NO,X,NOT APPLICABLE,X,NOT APPLICABLE,X,NOT APPLICABLE,X,NOT APPLICABLE,,,B,IDC,S,SINGLE AWARD,,NONE,NONE,,,X,NOT APPLICABLE EXEMPT FROM CAS,N,N,N,NO,N,NO,N,NO - SERVICE WHERE PBA IS NOT USED.,N,NO,Z,NOT APPLICABLE,N,NO,X,NOT APPLICABLE,f,f,f,f,f,f,f,f,f,f,f,f,f,f,f,f,f,f,f,OTHER THAN SMALL BUSINESS,O,f,f,f,f,f,f,f,f,f,f,f,f,f,f,f,f,f,,f,f,f,f,f,f,f,f,f,f,f,f,f,f,f,f,f,f,f,f,f,f,f,f,f,f,f,f,f,f,f,f,f,f,f,f,f,f,f,f,f,f,f,f,f,f,f,f,f,f,,,,,,,,,,,https://www.usaspending.gov/award/CONT_AWD_HSCEOP05J00115_7012_HSCEAB04C0008_7012/,2017-07-29
CONT_AWD_HSCEMD12F00015_7012_GS07F0518N_4730,HSCEMD12F00015,4730,FEDERAL ACQUISITION SERVICE,GS07F0518N,,,,,,502.44,,,,2012-02-06,2012,2017-05-31,2017,2012-02-06,2012-04-07,2012-08-17 00:00:00,,,070,Department of Homeland Security,7012,U.S. Immigration and Customs Enforcement,70CMSD,MISSION SUPPORT DALLAS,070,Department of Homeland Security,7055,Office of the Chief Procurement Officer,70QXXX,DHS CLOSEOUT INITIATIVE,,,,,X,NOT APPLICABLE,,,PKK6L9KLMYR5,094160959,B.I. INCORPORATED,BI INCORPORATED,,,JMLKZZ1NL2Z6,612706465,"GEO GROUP, INC., THE",GEO GROUP  INC.  THE,USA,UNITED STATES,6265 GUNBARREL AVENUE STE B,,BOULDER,08013,BOULDER,08,CO,COLORADO,803015318,CO-02,CO-02,3032181129,3032181461,USA,UNITED STATES,BOSTON,25025,SUFFOLK,25,MA,MASSACHUSETTS,022221054,MA-08,MA-08,AWARD,C,DELIVERY ORDER,,,,,,,J,FIRM FIXED PRICE,"PASSIVE ELECTRONIC MONITORING DEVICES REQUIRED TO SECURE FOREIGN WITNESSES AT FEDERAL TRIAL. POP: FEB 12 TO APR 7, 2012. SELECTED VENDOR OFFERS BEST COST.",,1,,,6110,ELECTRICAL CONTROL EQUIPMENT,D,NOT A BUNDLED REQUIREMENT,,,315999,OTHER APPAREL ACCESSORIES AND OTHER APPAREL MANUFACTURING,C,NO CLAUSES INCLUDED AND NO SUSTAINABILITY INCLUDED,A,U.S. OWNED BUSINESS,,,,,E,NOT REQUIRED,USA,UNITED STATES,D,MFG IN U.S.,,,A,FULL AND OPEN COMPETITION,MAFO,SUBJECT TO MULTIPLE AWARD FAIR OPPORTUNITY,NONE,NO SET ASIDE USED.,NONE,NO PREFERENCE USED,,,FAIR,FAIR OPPORTUNITY GIVEN,,,2,A,COMMERCIAL ITEM,f,N,NO,N,NO,X,NOT APPLICABLE,N,NO,,N,NO,X,NOT APPLICABLE,X,NOT APPLICABLE,X,NOT APPLICABLE,X,NOT APPLICABLE,,,C,FSS,M,MULTIPLE AWARD,,NONE,NONE,,,,,N,N,,,N,NO,X,NOT APPLICABLE,N,NO,,,N,NO,X,NOT APPLICABLE,f,f,f,f,f,f,f,f,f,f,f,f,f,f,f,f,f,f,f,OTHER THAN SMALL BUSINESS,O,f,f,f,f,f,f,f,f,f,f,f,f,f,f,f,f,f,,f,f,f,f,f,f,f,f,f,f,f,f,f,f,f,f,f,f,f,f,f,f,f,f,f,f,f,f,f,f,f,f,f,f,f,f,f,f,f,f,f,f,f,f,f,f,f,f,f,f,,,,,,,,,,,https://www.usaspending.gov/award/CONT_AWD_HSCEMD12F00015_7012_GS07F0518N_4730/,2017-08-01
CONT_AWD_HSCEDM17J00026_7012_HSCEDM14D00004_7012,HSCEDM17J00026,7012,U.S. IMMIGRATION AND CUSTOMS ENFORCEMENT,HSCEDM14D00004,"9: DEFC of '9' Indicates that the data for this row is not related to a COVID-19 P.L. (not DEFC = L, M, N, O, P, U, or V)",,,,,123170951.98,,123170951.98,123170951.98,2017-07-24,2017,2019-10-17,2020,2017-09-01,2019-08-31,2019-08-31 00:00:00,,,070,Department of Homeland Security,7012,U.S. Immigration and Customs Enforcement,70CDCR,DETENTION COMPLIANCE AND REMOVALS,070,Department of Homeland Security,7012,U.S. Immigration and Customs Enforcement,70CEMD,ENFORCMNTREMOVL OPNS HQ ENF MNGMT,070-2017/2017-0540-000;070-2018/2018-0540-000;070-2018/2019-0540-000,070-0540,25.1: Advisory and assistance services,OPTN: FIELD IS OPTIONAL PRIOR TO FY21,X,NOT APPLICABLE,,,PKK6L9KLMYR5,094160959,B.I. INCORPORATED,B.I. INCORPORATED,,3CUH9,JMLKZZ1NL2Z6,612706465,"GEO GROUP, INC., THE",GEO GROUP  INC.  THE,USA,UNITED STATES,6400 LOOKOUT RD,,BOULDER,08013,BOULDER,08,CO,COLORADO,803013377,CO-02,CO-02,3032181129,3032181461,USA,UNITED STATES,BOULDER,08013,BOULDER,08,CO,COLORADO,803013377,CO-02,CO-02,AWARD,C,DELIVERY ORDER,,,,,,,J,FIRM FIXED PRICE,IGF::CT::IGF INTENSIVE SUPERVISION APPEARANCE PROGRAM (ISAP III) FOR ALTERNATIVES TO DETENTION,,1,CT,CRITICAL FUNCTIONS,R408,SUPPORT- PROFESSIONAL: PROGRAM MANAGEMENT/SUPPORT,H,NOT BUNDLED,,,561210,FACILITIES SUPPORT SERVICES,C,NO CLAUSES INCLUDED AND NO SUSTAINABILITY INCLUDED,A,U.S. OWNED BUSINESS,,,,,A,MEETS REQUIREMENTS,USA,UNITED STATES,C,NOT A MANUFACTURED END PRODUCT,,,A,FULL AND OPEN COMPETITION,NP,NEGOTIATED PROPOSAL/QUOTE,,,NONE,NO PREFERENCE USED,,,,,,,,D,COMMERCIAL ITEM PROCEDURES NOT USED,f,N,NO,N,NO,Y,YES,N,NO,,N,NO,X,NOT APPLICABLE,Y,YES,X,NOT APPLICABLE,X,NOT APPLICABLE,,,B,IDC,S,SINGLE AWARD,,NONE,NONE,N,NO,,,N,N,,,D,NOT CONSOLIDATED,Y,YES - SERVICE WHERE PBA IS USED.,N,NO,,,N,NO,X,NOT APPLICABLE,f,f,f,f,f,f,f,f,f,f,f,f,f,f,f,f,f,f,f,OTHER THAN SMALL BUSINESS,O,f,f,f,f,f,f,f,f,f,f,f,f,f,f,f,f,f,CORPORATE NOT TAX EXEMPT,t,f,f,f,f,f,f,f,f,f,f,f,t,f,f,f,f,t,f,f,f,f,f,f,f,f,f,f,t,f,f,f,f,f,f,f,f,f,f,f,f,f,f,f,f,f,f,f,f,f,,,,,,,,,,,https://www.usaspending.gov/award/CONT_AWD_HSCEDM17J00026_7012_HSCEDM14D00004_7012/,2019-10-24
CONT_AWD_HSCEDM16J00039_7012_HSCEDM14D00004_7012,HSCEDM16J00039,7012,U.S. IMMIGRATION AND CUSTOMS ENFORCEMENT,HSCEDM14D00004,,,,,,107217703.18,,107217703.18,107217703.18,2016-09-01,2016,2017-10-27,2018,2016-09-01,2017-08-31,2017-11-26 00:00:00,,,070,Department of Homeland Security,7012,U.S. Immigration and Customs Enforcement,70CDCR,DETENTION COMPLIANCE AND REMOVALS,070,Department of Homeland Security,7012,U.S. Immigration and Customs Enforcement,70CEMD,ENFORCMNTREMOVL OPNS HQ ENF MNGMT,070-2017/2017-0540-000,070-0540,25.1: Advisory and assistance services,,X,NOT APPLICABLE,,,PKK6L9KLMYR5,094160959,B.I. INCORPORATED,B.I. INCORPORATED,,,JMLKZZ1NL2Z6,612706465,"GEO GROUP, INC., THE",GEO GROUP  INC.  THE,USA,UNITED STATES,6400 LOOKOUT RD,,BOULDER,08013,BOULDER,08,CO,COLORADO,803013377,CO-02,CO-02,3032181129,3032181461,USA,UNITED STATES,BOULDER,08013,BOULDER,08,CO,COLORADO,803013377,CO-02,CO-02,AWARD,C,DELIVERY ORDER,,,,,,,J,FIRM FIXED PRICE,IGF::CT::IGF INTENSIVE SUPERVISION APPEARANCE PROGRAM (ISAP III) FOR ALTERNATIVES TO DETENTION,,1,,,R408,SUPPORT- PROFESSIONAL: PROGRAM MANAGEMENT/SUPPORT,D,NOT A BUNDLED REQUIREMENT,,,561210,FACILITIES SUPPORT SERVICES,C,NO CLAUSES INCLUDED AND NO SUSTAINABILITY INCLUDED,A,U.S. OWNED BUSINESS,,,,,A,MEETS REQUIREMENTS,USA,UNITED STATES,C,NOT A MANUFACTURED END PRODUCT,C,PLAN REQUIRED - INCENTIVE NOT INCLUDED,A,FULL AND OPEN COMPETITION,NP,NEGOTIATED PROPOSAL/QUOTE,,,NONE,NO PREFERENCE USED,,,,,,,,D,COMMERCIAL ITEM PROCEDURES NOT USED,f,N,NO,N,NO,Y,YES,N,NO,,N,NO,X,NOT APPLICABLE,Y,YES,X,NOT APPLICABLE,X,NOT APPLICABLE,,,B,IDC,S,SINGLE AWARD,,NONE,NONE,N,NO,,,N,N,,,N,NO,Y,YES - SERVICE WHERE PBA IS USED.,N,NO,,,N,NO,X,NOT APPLICABLE,f,f,f,f,f,f,f,f,f,f,f,f,f,f,f,f,f,f,f,OTHER THAN SMALL BUSINESS,O,f,f,f,f,f,f,f,f,f,f,f,f,f,f,f,f,f,,t,f,f,f,f,f,f,f,f,f,f,f,t,f,f,f,f,t,f,f,f,f,f,f,f,f,f,f,t,f,f,f,f,f,f,f,f,f,f,f,f,f,f,f,f,f,f,f,f,f,,,,,,,,,,,https://www.usaspending.gov/award/CONT_AWD_HSCEDM16J00039_7012_HSCEDM14D00004_7012/,2017-10-27
CONT_AWD_HSCEDM15J00032_7012_HSCEDM14D00004_7012,HSCEDM15J00032,7012,U.S. IMMIGRATION AND CUSTOMS ENFORCEMENT,HSCEDM14D00004,,,,,,75915605.21,,,,2015-08-27,2015,2017-06-02,2017,2015-08-27,2016-08-31,2016-12-03 00:00:00,,,070,Department of Homeland Security,7012,U.S. Immigration and Customs Enforcement,70CDCR,DETENTION COMPLIANCE AND REMOVALS,070,Department of Homeland Security,7012,U.S. Immigration and Customs Enforcement,70CEMD,ENFORCMNTREMOVL OPNS HQ ENF MNGMT,,,,,X,NOT APPLICABLE,,,PKK6L9KLMYR5,094160959,B.I. INCORPORATED,B.I. INCORPORATED,,,JMLKZZ1NL2Z6,612706465,"GEO GROUP, INC., THE",GEO GROUP  INC.  THE,USA,UNITED STATES,6400 LOOKOUT RD,,BOULDER,08013,BOULDER,08,CO,COLORADO,803013377,CO-02,CO-02,3032181129,3032181461,USA,UNITED STATES,WASHINGTON,11001,DISTRICT OF COLUMBIA,11,DC,DISTRICT OF COLUMBIA,202290009,DC-00,DC-98,AWARD,C,DELIVERY ORDER,,,,,,,J,FIRM FIXED PRICE,IGF::CT::IGF ISAP III CONTRACT OPTION YEAR 1 FOR THE ALTERNATIVES TO DETENTION UNIT,,1,,,R408,SUPPORT- PROFESSIONAL: PROGRAM MANAGEMENT/SUPPORT,D,NOT A BUNDLED REQUIREMENT,,,561210,FACILITIES SUPPORT SERVICES,C,NO CLAUSES INCLUDED AND NO SUSTAINABILITY INCLUDED,A,U.S. OWNED BUSINESS,,,,,E,NOT REQUIRED,USA,UNITED STATES,C,NOT A MANUFACTURED END PRODUCT,,,A,FULL AND OPEN COMPETITION,NP,NEGOTIATED PROPOSAL/QUOTE,NONE,NO SET ASIDE USED.,NONE,NO PREFERENCE USED,,,,,,,4,D,COMMERCIAL ITEM PROCEDURES NOT USED,f,N,NO,N,NO,Y,YES,N,NO,,N,NO,X,NOT APPLICABLE,Y,YES,X,NOT APPLICABLE,X,NOT APPLICABLE,,,B,IDC,S,SINGLE AWARD,,NONE,NONE,N,NO,,,N,N,,,N,NO,N,NO - SERVICE WHERE PBA IS NOT USED.,N,NO,,,N,NO,X,NOT APPLICABLE,f,f,f,f,f,f,f,f,f,f,f,f,f,f,f,f,f,f,f,OTHER THAN SMALL BUSINESS,O,f,f,f,f,f,f,f,f,f,f,f,f,f,f,f,f,f,,t,f,f,f,f,f,f,f,f,f,f,f,t,f,f,f,f,t,f,f,f,f,f,f,f,f,f,f,t,f,f,f,f,f,f,f,f,f,f,f,f,f,f,f,f,f,f,f,f,f,,,,,,,,,,,https://www.usaspending.gov/award/CONT_AWD_HSCEDM15J00032_7012_HSCEDM14D00004_7012/,2017-06-02
CONT_AWD_HSCEDM14J00033_7012_HSCEDM14D00004_7012,HSCEDM14J00033,7012,U.S. IMMIGRATION AND CUSTOMS ENFORCEMENT,HSCEDM14D00004,,,,,,35933182.44,,35933182.44,35933182.44,2014-09-08,2014,2023-03-27,2023,2014-09-08,2015-09-07,2015-10-21 00:00:00,,,070,Department of Homeland Security,7012,U.S. Immigration and Customs Enforcement,70CDCR,DETENTION COMPLIANCE AND REMOVALS,070,Department of Homeland Security,7012,U.S. Immigration and Customs Enforcement,70CCED,ENFORCEMENT AND REMOVAL OPERATIONS COMPLIANCE ENFORCEMENT DIVISION,,,,,X,NOT APPLICABLE,,,PKK6L9KLMYR5,,B.I. INCORPORATED,B.I. INCORPORATED,,3CUH9,JMLKZZ1NL2Z6,,"GEO GROUP, INC., THE",GEO GROUP  INC.  THE,USA,UNITED STATES,6400 LOOKOUT RD,,BOULDER,08013,BOULDER,08,CO,COLORADO,803013377,CO-02,CO-02,3032181129,3032181461,USA,UNITED STATES,WASHINGTON,11001,DISTRICT OF COLUMBIA,11,DC,DISTRICT OF COLUMBIA,202290009,DC-98,DC-98,AWARD,C,DELIVERY ORDER,,,,,,,J,FIRM FIXED PRICE,TO FUND THE ISAP III CONTRACT UNDER BASE YEAR FOR CONTRACT HSCEDM-14-D-00004.  BASE PERIOD OF PERFORMANCE IS 09/08/2014 TO 09/07/2015.  IN SUPPORT OF THE ATD PROGRAM. ''IGF::CT::IGF'',,1,OT,OTHER FUNCTIONS,R408,SUPPORT- PROFESSIONAL: PROGRAM MANAGEMENT/SUPPORT,D,NOT A BUNDLED REQUIREMENT,,,561210,FACILITIES SUPPORT SERVICES,C,NO CLAUSES INCLUDED AND NO SUSTAINABILITY INCLUDED,A,U.S. OWNED BUSINESS,,,,,E,NOT REQUIRED,USA,UNITED STATES,C,NOT A MANUFACTURED END PRODUCT,,,A,FULL AND OPEN COMPETITION,NP,NEGOTIATED PROPOSAL/QUOTE,,,NONE,NO PREFERENCE USED,,,,,,,,D,COMMERCIAL PRODUCTS/SERVICES PROCEDURES NOT USED,f,N,NO,N,NO,Y,YES,N,NO,,N,NO,X,NOT APPLICABLE,Y,YES,X,NOT APPLICABLE,X,NOT APPLICABLE,,,B,IDC,S,SINGLE AWARD,,NONE,NONE,N,NO,,,N,N,,,N,NO,Y,YES - SERVICE WHERE PBA IS USED.,N,NO,,,N,NO,X,NOT APPLICABLE,f,f,f,f,f,f,f,f,f,f,f,f,f,f,f,f,f,f,f,OTHER THAN SMALL BUSINESS,O,f,f,f,f,f,f,f,f,f,f,f,f,f,f,f,f,f,CORPORATE NOT TAX EXEMPT,t,f,f,f,f,f,f,f,f,f,f,f,t,f,f,f,f,t,f,f,f,f,f,f,f,f,f,f,t,f,f,f,f,f,f,f,f,f,f,f,f,f,f,f,f,f,f,f,f,f,,,,,,,,,,,https://www.usaspending.gov/award/CONT_AWD_HSCEDM14J00033_7012_HSCEDM14D00004_7012/,2023-03-27
CONT_AWD_HSCECR14J00001_7012_HSCECR09D00002_7012,HSCECR14J00001,7012,U.S. IMMIGRATION AND CUSTOMS ENFORCEMENT,HSCECR09D00002,,,,,,29040817.10,,,,2014-01-09,2014,2017-05-31,2017,2014-01-09,2014-11-05,2016-03-09 00:00:00,,,070,Department of Homeland Security,7012,U.S. Immigration and Customs Enforcement,70CDCR,DETENTION COMPLIANCE AND REMOVALS,070,Department of Homeland Security,7055,Office of the Chief Procurement Officer,70QXXX,DHS CLOSEOUT INITIATIVE,,,,,X,NOT APPLICABLE,,,PKK6L9KLMYR5,094160959,B.I. INCORPORATED,BI INCORPORATED,,,JMLKZZ1NL2Z6,612706465,"GEO GROUP, INC., THE",GEO GROUP  INC.  THE,USA,UNITED STATES,6400 LOOKOUT RD STE 101,,BOULDER,08013,BOULDER,08,CO,COLORADO,803013377,CO-02,CO-02,3032181129,3032181461,USA,UNITED STATES,WASHINGTON,11001,DISTRICT OF COLUMBIA,11,DC,DISTRICT OF COLUMBIA,205365000,DC-00,DC-98,AWARD,C,DELIVERY ORDER,,,,,,,J,FIRM FIXED PRICE,ISAP II CONTRACT HSCECR-09-D-0002 TASK ORDER HSCECR-14-J-00001 IGF::OT::IGF,HSCECR-09-R-00004,1,,,R408,SUPPORT- PROFESSIONAL: PROGRAM MANAGEMENT/SUPPORT,D,NOT A BUNDLED REQUIREMENT,,,561210,FACILITIES SUPPORT SERVICES,C,NO CLAUSES INCLUDED AND NO SUSTAINABILITY INCLUDED,A,U.S. OWNED BUSINESS,,,,,E,NOT REQUIRED,USA,UNITED STATES,C,NOT A MANUFACTURED END PRODUCT,,,A,FULL AND OPEN COMPETITION,NP,NEGOTIATED PROPOSAL/QUOTE,NONE,NO SET ASIDE USED.,NONE,NO PREFERENCE USED,,,,,,,3,D,COMMERCIAL ITEM PROCEDURES NOT USED,f,N,NO,N,NO,Y,YES,N,NO,,N,NO,X,NOT APPLICABLE,X,NOT APPLICABLE,X,NOT APPLICABLE,X,NOT APPLICABLE,,,B,IDC,S,SINGLE AWARD,,NONE,NONE,N,NO,,,N,N,,,N,NO,N,NO - SERVICE WHERE PBA IS NOT USED.,N,NO,,,N,NO,X,NOT APPLICABLE,f,f,f,f,f,f,f,f,f,f,f,f,f,f,f,f,f,f,f,OTHER THAN SMALL BUSINESS,O,f,f,f,f,f,f,f,f,f,f,f,f,f,f,f,f,f,,t,f,f,f,f,f,f,f,f,f,f,f,t,f,f,t,f,f,f,f,f,f,f,f,f,f,f,f,t,f,f,f,f,f,f,f,f,f,f,f,f,f,f,f,f,f,f,f,f,f,,,,,,,,,,,https://www.usaspending.gov/award/CONT_AWD_HSCECR14J00001_7012_HSCECR09D00002_7012/,2017-07-29
CONT_AWD_HSCECR13J00026_7012_HSCECR09D00002_7012,HSCECR13J00026,7012,U.S. IMMIGRATION AND CUSTOMS ENFORCEMENT,HSCECR09D00002,,,,,,21323560.42,,,,2013-09-20,2013,2017-05-31,2017,2013-09-20,2014-11-05,2015-09-20 00:00:00,,,070,Department of Homeland Security,7012,U.S. Immigration and Customs Enforcement,70CDCR,DETENTION COMPLIANCE AND REMOVALS,070,Department of Homeland Security,7055,Office of the Chief Procurement Officer,70QXXX,DHS CLOSEOUT INITIATIVE,,,,,X,NOT APPLICABLE,,,PKK6L9KLMYR5,094160959,B.I. INCORPORATED,BI INCORPORATED,,,JMLKZZ1NL2Z6,612706465,"GEO GROUP, INC., THE",GEO GROUP  INC.  THE,USA,UNITED STATES,6400 LOOKOUT RD STE 101,,BOULDER,08013,BOULDER,08,CO,COLORADO,803013377,CO-02,CO-02,3032181129,3032181461,USA,UNITED STATES,WASHINGTON,11001,DISTRICT OF COLUMBIA,11,DC,DISTRICT OF COLUMBIA,205365000,DC-00,DC-98,AWARD,C,DELIVERY ORDER,,,,,,,J,FIRM FIXED PRICE,ISAP II CONTRACT HSCECR-09-D-0002 TASK ORDER HSCECR-13-J-0026 POP:  09/21/2013 - 09/20/2014  IGF::OT::IGF,,1,,,R408,SUPPORT- PROFESSIONAL: PROGRAM MANAGEMENT/SUPPORT,D,NOT A BUNDLED REQUIREMENT,,,561210,FACILITIES SUPPORT SERVICES,C,NO CLAUSES INCLUDED AND NO SUSTAINABILITY INCLUDED,A,U.S. OWNED BUSINESS,,,,,E,NOT REQUIRED,USA,UNITED STATES,C,NOT A MANUFACTURED END PRODUCT,,,A,FULL AND OPEN COMPETITION,NP,NEGOTIATED PROPOSAL/QUOTE,NONE,NO SET ASIDE USED.,NONE,NO PREFERENCE USED,,,,,,,3,D,COMMERCIAL ITEM PROCEDURES NOT USED,f,N,NO,N,NO,Y,YES,N,NO,,N,NO,X,NOT APPLICABLE,X,NOT APPLICABLE,X,NOT APPLICABLE,X,NOT APPLICABLE,,,B,IDC,S,SINGLE AWARD,,NONE,NONE,N,NO,,,N,N,,,N,NO,N,NO - SERVICE WHERE PBA IS NOT USED.,N,NO,,,N,NO,X,NOT APPLICABLE,f,f,f,f,f,f,f,f,f,f,f,f,f,f,f,f,f,f,f,OTHER THAN SMALL BUSINESS,O,f,f,f,f,f,f,f,f,f,f,f,f,f,f,f,f,f,,t,f,f,f,f,f,f,f,f,f,f,f,t,f,f,t,f,f,f,f,f,f,f,f,f,f,f,f,t,f,f,f,f,f,f,f,f,f,f,f,f,f,f,f,f,f,f,f,f,f,,,,,,,,,,,https://www.usaspending.gov/award/CONT_AWD_HSCECR13J00026_7012_HSCECR09D00002_7012/,2017-07-30
CONT_AWD_HSCECR13J00001_7012_HSCECR09D00002_7012,HSCECR13J00001,7012,U.S. IMMIGRATION AND CUSTOMS ENFORCEMENT,HSCECR09D00002,,,,,,36663316.84,,,,2012-10-23,2013,2017-05-31,2017,2012-10-23,2013-11-05,2014-09-11 00:00:00,,,070,Department of Homeland Security,7012,U.S. Immigration and Customs Enforcement,70CDCR,DETENTION COMPLIANCE AND REMOVALS,070,Department of Homeland Security,7055,Office of the Chief Procurement Officer,70QXXX,DHS CLOSEOUT INITIATIVE,,,,,X,NOT APPLICABLE,,,PKK6L9KLMYR5,094160959,B.I. INCORPORATED,BI INCORPORATED,,,JMLKZZ1NL2Z6,612706465,"GEO GROUP, INC., THE",GEO GROUP  INC.  THE,USA,UNITED STATES,6400 LOOKOUT RD STE 101,,BOULDER,08013,BOULDER,08,CO,COLORADO,803013377,CO-02,CO-02,3032181129,3032181461,USA,UNITED STATES,WASHINGTON,11001,DISTRICT OF COLUMBIA,11,DC,DISTRICT OF COLUMBIA,205365000,DC-00,DC-98,AWARD,C,DELIVERY ORDER,,,,,,,J,FIRM FIXED PRICE,ISAP II CONTRACT HSCECR-09-D-0002 OY 3 TASK ORDER HSCECR-13-J-0001 POP:  11/06/2012-11/05/2013,HSCECR-09-R-00004,1,,,R408,SUPPORT- PROFESSIONAL: PROGRAM MANAGEMENT/SUPPORT,D,NOT A BUNDLED REQUIREMENT,,,561210,FACILITIES SUPPORT SERVICES,C,NO CLAUSES INCLUDED AND NO SUSTAINABILITY INCLUDED,A,U.S. OWNED BUSINESS,,,,,E,NOT REQUIRED,USA,UNITED STATES,C,NOT A MANUFACTURED END PRODUCT,,,A,FULL AND OPEN COMPETITION,NP,NEGOTIATED PROPOSAL/QUOTE,NONE,NO SET ASIDE USED.,NONE,NO PREFERENCE USED,,,,,,,3,D,COMMERCIAL ITEM PROCEDURES NOT USED,f,N,NO,N,NO,Y,YES,N,NO,,N,NO,X,NOT APPLICABLE,X,NOT APPLICABLE,X,NOT APPLICABLE,X,NOT APPLICABLE,,,B,IDC,S,SINGLE AWARD,,NONE,NONE,N,NO,,,N,N,,,N,NO,N,NO - SERVICE WHERE PBA IS NOT USED.,N,NO,,,N,NO,X,NOT APPLICABLE,f,f,f,f,f,f,f,f,f,f,f,f,f,f,f,f,f,f,f,OTHER THAN SMALL BUSINESS,O,f,f,f,f,f,f,f,f,f,f,f,f,f,f,f,f,f,,t,f,f,f,f,f,f,f,f,f,f,f,t,f,f,t,f,f,f,f,f,f,f,f,f,f,f,f,t,f,f,f,f,f,f,f,f,f,f,f,f,f,f,f,f,f,f,f,f,f,,,,,,,,,,,https://www.usaspending.gov/award/CONT_AWD_HSCECR13J00001_7012_HSCECR09D00002_7012/,2017-07-30
CONT_AWD_HSCECR12J00001_7012_HSCECR09D00002_7012,HSCECR12J00001,7012,U.S. IMMIGRATION AND CUSTOMS ENFORCEMENT,HSCECR09D00002,,,,,,40201510.99,,,,2011-11-03,2012,2017-05-31,2017,2011-11-06,2012-11-05,2015-11-14 00:00:00,,,070,Department of Homeland Security,7012,U.S. Immigration and Customs Enforcement,70CDCR,DETENTION COMPLIANCE AND REMOVALS,070,Department of Homeland Security,7055,Office of the Chief Procurement Officer,70QXXX,DHS CLOSEOUT INITIATIVE,,,,,X,NOT APPLICABLE,,,PKK6L9KLMYR5,094160959,B.I. INCORPORATED,BI INCORPORATED,,,JMLKZZ1NL2Z6,612706465,"GEO GROUP, INC., THE",GEO GROUP  INC.  THE,USA,UNITED STATES,6400 LOOKOUT RD STE 101,,BOULDER,08013,BOULDER,08,CO,COLORADO,803013377,CO-02,CO-02,3032181129,3032181461,USA,UNITED STATES,WASHINGTON,11001,DISTRICT OF COLUMBIA,11,DC,DISTRICT OF COLUMBIA,205365000,DC-00,DC-98,AWARD,C,DELIVERY ORDER,,,,,,,J,FIRM FIXED PRICE,ISAP II CONTRACT (HSCECR-09-D-00002) OPTION YEAR 2 TASK ORDER (HSCECR-12-J-00001),HSCECR-09-R-00004,1,,,R408,SUPPORT- PROFESSIONAL: PROGRAM MANAGEMENT/SUPPORT,D,NOT A BUNDLED REQUIREMENT,,,561210,FACILITIES SUPPORT SERVICES,C,NO CLAUSES INCLUDED AND NO SUSTAINABILITY INCLUDED,A,U.S. OWNED BUSINESS,,,,,E,NOT REQUIRED,USA,UNITED STATES,C,NOT A MANUFACTURED END PRODUCT,,,A,FULL AND OPEN COMPETITION,NP,NEGOTIATED PROPOSAL/QUOTE,NONE,NO SET ASIDE USED.,NONE,NO PREFERENCE USED,,,,,,,3,D,COMMERCIAL ITEM PROCEDURES NOT USED,f,N,NO,N,NO,Y,YES,N,NO,,N,NO,X,NOT APPLICABLE,X,NOT APPLICABLE,X,NOT APPLICABLE,X,NOT APPLICABLE,,,B,IDC,S,SINGLE AWARD,,NONE,NONE,N,NO,,,N,N,,,N,NO,N,NO - SERVICE WHERE PBA IS NOT USED.,N,NO,Z,NOT APPLICABLE,N,NO,X,NOT APPLICABLE,f,f,f,f,f,f,f,f,f,f,f,f,f,f,f,f,f,f,f,OTHER THAN SMALL BUSINESS,O,f,f,f,f,f,f,f,f,f,f,f,f,f,f,f,f,f,,t,f,f,f,f,f,f,f,f,f,f,f,t,f,f,t,f,f,f,f,f,f,f,f,f,f,f,f,t,f,f,f,f,f,f,f,f,f,f,f,f,f,f,f,f,f,f,f,f,f,,,,,,,,,,,https://www.usaspending.gov/award/CONT_AWD_HSCECR12J00001_7012_HSCECR09D00002_7012/,2017-08-01
CONT_AWD_HSCECR11J00001_7012_HSCECR09D00002_7012,HSCECR11J00001,7012,U.S. IMMIGRATION AND CUSTOMS ENFORCEMENT,HSCECR09D00002,,,,,,41773632.33,,41773632.33,41773632.33,2010-11-01,2011,2023-03-22,2023,2010-11-01,2011-11-05,2015-11-14 00:00:00,,,070,Department of Homeland Security,7012,U.S. Immigration and Customs Enforcement,70CDCR,DETENTION COMPLIANCE AND REMOVALS,070,Department of Homeland Security,7012,U.S. Immigration and Customs Enforcement,70CCED,ENFORCEMENT AND REMOVAL OPERATIONS COMPLIANCE ENFORCEMENT DIVISION,,,,,X,NOT APPLICABLE,,,PKK6L9KLMYR5,,B.I. INCORPORATED,BI INCORPORATED,,3CUH9,JMLKZZ1NL2Z6,,"GEO GROUP, INC., THE",GEO GROUP  INC.  THE,USA,UNITED STATES,6400 LOOKOUT RD STE 101,,BOULDER,08013,BOULDER,08,CO,COLORADO,803013377,CO-02,CO-02,3032181129,3032181461,USA,UNITED STATES,BOULDER,08013,BOULDER,08,CO,COLORADO,803013377,CO-02,CO-02,AWARD,C,DELIVERY ORDER,,,,,,,J,FIRM FIXED PRICE,OPTION YEAR 1 TASK ORDER AWARD ISAP II (BASE CONTRACT# HSCECR-09-D-00002),HSCECR-09-R-00004,1,,,R408,SUPPORT- PROFESSIONAL: PROGRAM MANAGEMENT/SUPPORT,D,NOT A BUNDLED REQUIREMENT,,,561210,FACILITIES SUPPORT SERVICES,,,A,U.S. OWNED BUSINESS,,,,,E,NOT REQUIRED,USA,UNITED STATES,C,NOT A MANUFACTURED END PRODUCT,,,A,FULL AND OPEN COMPETITION,NP,NEGOTIATED PROPOSAL/QUOTE,NONE,NO SET ASIDE USED.,NONE,NO PREFERENCE USED,,,,,,,3,D,COMMERCIAL PRODUCTS/SERVICES PROCEDURES NOT USED,f,N,NO,N,NO,Y,YES,N,NO,0.00,N,NO,X,NOT APPLICABLE,X,NOT APPLICABLE,X,NOT APPLICABLE,X,NOT APPLICABLE,,,B,IDC,S,SINGLE AWARD,,NONE,NONE,,,X,NOT APPLICABLE EXEMPT FROM CAS,N,N,,,N,NO,N,NO - SERVICE WHERE PBA IS NOT USED.,N,NO,Z,NOT APPLICABLE,N,NO,X,NOT APPLICABLE,f,f,f,f,f,f,f,f,f,f,f,f,f,f,f,f,f,f,f,OTHER THAN SMALL BUSINESS,O,f,f,f,f,f,f,f,f,f,f,f,f,f,f,f,f,f,CORPORATE NOT TAX EXEMPT,t,f,f,f,f,f,f,f,f,f,f,f,t,f,f,t,f,f,f,f,f,f,f,f,f,f,f,f,t,f,f,f,f,f,f,f,f,f,f,f,f,f,f,f,f,f,f,f,f,f,,,,,,,,,,,https://www.usaspending.gov/award/CONT_AWD_HSCECR11J00001_7012_HSCECR09D00002_7012/,2023-03-22
CONT_AWD_HSCECR09J00040_7012_HSCECR09D00002_7012,HSCECR09J00040,7012,U.S. IMMIGRATION AND CUSTOMS ENFORCEMENT,HSCECR09D00002,,,,,,33817879.73,,,,2009-07-20,2009,2017-05-31,2017,2009-07-20,2010-11-05,2015-11-28 00:00:00,,,070,Department of Homeland Security,7012,U.S. Immigration and Customs Enforcement,70CDCR,DETENTION COMPLIANCE AND REMOVALS,070,Department of Homeland Security,7055,Office of the Chief Procurement Officer,70QXXX,DHS CLOSEOUT INITIATIVE,,,,,X,NOT APPLICABLE,,,PKK6L9KLMYR5,094160959,B.I. INCORPORATED,BI INCORPORATED,,,JMLKZZ1NL2Z6,612706465,"GEO GROUP, INC., THE",GEO GROUP  INC.  THE,USA,UNITED STATES,6400 LOOKOUT RD STE 101,,BOULDER,08013,BOULDER,08,CO,COLORADO,803013377,CO-02,CO-02,3032181129,3032181461,USA,UNITED STATES,BOULDER,08013,BOULDER,08,CO,COLORADO,803013377,CO-02,CO-02,AWARD,C,DELIVERY ORDER,,,,,,,J,FIRM FIXED PRICE,ISAP II - ANNUAL TASK ORDER - BASE YEAR SERVICES (07/20/2009 - 07/19/2010) - CONTRACT HSCECR-09-D-00002,HSCECR-09-R-00004,1,,,R408,SUPPORT- PROFESSIONAL: PROGRAM MANAGEMENT/SUPPORT,D,NOT A BUNDLED REQUIREMENT,,,561210,FACILITIES SUPPORT SERVICES,,,A,U.S. OWNED BUSINESS,,,,,E,NOT REQUIRED,,,C,NOT A MANUFACTURED END PRODUCT,,,A,FULL AND OPEN COMPETITION,NP,NEGOTIATED PROPOSAL/QUOTE,NONE,NO SET ASIDE USED.,NONE,NO PREFERENCE USED,,,,,,,1,D,COMMERCIAL ITEM PROCEDURES NOT USED,f,N,NO,N,NO,Y,YES,N,NO,0.00,N,NO,X,NOT APPLICABLE,X,NOT APPLICABLE,X,NOT APPLICABLE,X,NOT APPLICABLE,,,B,IDC,S,SINGLE AWARD,,NONE,NONE,,,X,NOT APPLICABLE EXEMPT FROM CAS,N,N,N,NO,N,NO,N,NO - SERVICE WHERE PBA IS NOT USED.,N,NO,,,N,NO,X,NOT APPLICABLE,f,f,f,f,f,f,f,f,f,f,f,f,f,f,f,f,f,f,f,OTHER THAN SMALL BUSINESS,O,f,f,f,f,f,f,f,f,f,f,f,f,f,f,f,f,f,,t,f,f,f,f,f,f,f,f,f,f,f,t,f,f,t,f,f,f,f,f,f,f,f,f,f,f,f,t,f,f,f,f,f,f,f,f,f,f,f,f,f,f,f,f,f,f,f,f,f,,,,,,,,,,,https://www.usaspending.gov/award/CONT_AWD_HSCECR09J00040_7012_HSCECR09D00002_7012/,2017-07-29
CONT_AWD_HSCECR08J00052_7012_HSACB4C0008_7012,HSCECR08J00052,7012,U.S. IMMIGRATION AND CUSTOMS ENFORCEMENT,HSACB4C0008,,,,,,31601604.39,,,,2008-09-05,2008,2010-07-07,2010,2008-09-05,2009-12-28,2009-12-28 00:00:00,,,070,Department of Homeland Security,7012,U.S. Immigration and Customs Enforcement,CR000,COMPLIANCE&REMOVALS,070,Department of Homeland Security,7012,U.S. Immigration and Customs Enforcement,DMDC0,DETENTION MANAGEMENT - DC OFFICE,,,,,,NOT APPLICABLE,,NAN,PKK6L9KLMYR5,094160959,B.I. INCORPORATED,BI INCORPORATED,,,JMLKZZ1NL2Z6,612706465,"GEO GROUP, INC., THE",GEO GROUP  INC.  THE,UNITED STATES,,6400 LOOKOUT ROAD,,BOULDER,,,08,CO,,803013377,CO-02,,,,USA,UNITED STATES,NEW YORK,36061,NEW YORK,36,NY,NEW YORK,100010001,NY-08,NY-12,AWARD,C,DO,,,,,,NAN,J,FIRM FIXED PRICE,INTENSIVE SUPERVISION APPEARANCE PROGRAM,,1,,,G099,OTHER SOCIAL SERVICES,D,NOT A BUNDLED REQUIREMENT,,,624190,OTHER INDIVIDUAL AND FAMILY SERVICES,,,,,,,,,E,NOT REQUIRED,USA,,C,NOT A MANUFACTURED END PRODUCT,,,A,FULL AND OPEN COMPETITION,NP,NEGOTIATED PROPOSAL/QUOTE,NONE,NO SET ASIDE USED.,NONE,NO PREFERENCE USED,,NAN,,NAN,,,3,D,,f,N,NO,NO,,X,NOT APPLICABLE,N,,0,N: NO,,X,NOT APPLICABLE,Y,YES,X,NOT APPLICABLE,X,NOT APPLICABLE,,,,,,,INTENSIVE SUPERVISION APPEARANCE PROGRAM,NONE,NONE,,,X,NOT APPLICABLE EXEMPT FROM CAS,N,N,N,NO,N,NO,N,NO - SERVICE WHERE PBA IS NOT USED.,N,NO,Z,NOT APPLICABLE,N,NO,,,f,f,f,f,f,f,f,f,f,f,f,f,f,f,f,f,f,f,f,OTHER THAN SMALL BUSINESS,O,f,f,f,f,f,f,f,f,f,f,f,f,f,f,f,f,f,,f,f,f,f,f,f,f,f,f,f,f,f,f,f,f,f,f,f,f,f,f,f,f,f,f,f,f,f,f,f,f,f,f,f,f,f,f,f,f,f,f,f,f,f,f,f,f,f,f,f,,,,,,,,,,,https://www.usaspending.gov/award/CONT_AWD_HSCECR08J00052_7012_HSACB4C0008_7012/,2010-07-07
CONT_AWD_HSCEAL04D0270_7012_HSCEAB04C0008_7012,HSCEAL04D0270,7012,U.S. IMMIGRATION AND CUSTOMS ENFORCEMENT,HSCEAB04C0008,,,,,,4782285.91,,,,2005-03-02,2005,2017-05-31,2017,2004-10-01,2009-06-20,2009-06-20 00:00:00,,,070,Department of Homeland Security,7012,U.S. Immigration and Customs Enforcement,70CMSD,MISSION SUPPORT DALLAS,070,Department of Homeland Security,7055,Office of the Chief Procurement Officer,70QXXX,DHS CLOSEOUT INITIATIVE,,,,,X,NOT APPLICABLE,,,PKK6L9KLMYR5,094160959,B.I. INCORPORATED,BI INCORPORATED,,,JMLKZZ1NL2Z6,612706465,"GEO GROUP, INC., THE",GEO GROUP  INC.  THE,USA,UNITED STATES,6400 LOOKOUT ROAD,,BOULDER,08013,BOULDER,08,CO,COLORADO,803013377,CO-02,CO-02,,,USA,UNITED STATES,BOULDER,08013,BOULDER,08,CO,COLORADO,803013377,CO-02,CO-02,AWARD,C,DELIVERY ORDER,,,,,,,J,FIRM FIXED PRICE,INTENSIVE SUPERVISION PROGRAM,,1,,,G099,SOCIAL- OTHER,D,NOT A BUNDLED REQUIREMENT,,,624190,OTHER INDIVIDUAL AND FAMILY SERVICES,,,,,,,,,E,NOT REQUIRED,,,,,,,A,FULL AND OPEN COMPETITION,NP,NEGOTIATED PROPOSAL/QUOTE,NONE,NO SET ASIDE USED.,NONE,NO PREFERENCE USED,,,,,,,3,D,COMMERCIAL ITEM PROCEDURES NOT USED,f,N,NO,N,NO,X,NOT APPLICABLE,,,0.00,N,NO,X,NOT APPLICABLE,X,NOT APPLICABLE,X,NOT APPLICABLE,X,NOT APPLICABLE,,,B,IDC,S,SINGLE AWARD,,NONE,NONE,,,X,NOT APPLICABLE EXEMPT FROM CAS,N,N,,,N,NO,N,NO - SERVICE WHERE PBA IS NOT USED.,N,NO,,,N,NO,X,NOT APPLICABLE,f,f,f,f,f,f,f,f,f,f,f,f,f,f,f,f,f,f,f,OTHER THAN SMALL BUSINESS,O,f,f,f,f,f,f,f,f,f,f,f,f,f,f,f,f,f,,f,f,f,f,f,f,f,f,f,f,f,f,f,f,f,f,f,f,f,f,f,f,f,f,f,f,f,f,f,f,f,f,f,f,f,f,f,f,f,f,f,f,f,f,f,f,f,f,f,f,,,,,,,,,,,https://www.usaspending.gov/award/CONT_AWD_HSCEAL04D0270_7012_HSCEAB04C0008_7012/,2017-07-30
